3000	img/Icon_Catecory_001.png
3001	img/Icon_Catecory_005.png
3002	img/Icon_Catecory_014.png
3003	img/Icon_Catecory_004.png
3004	img/Icon_Catecory_013.png
3005	img/Icon_Catecory_011.png
3006	img/Icon_Catecory_009.png
3007	img/Icon_Catecory_010.png
3008	img/Icon_Catecory_012.png
3009	img/Icon_Catecory_015.png
3010	img/Icon_Catecory_007.png
3011	img/Icon_Catecory_008.png
3012	img/Icon_Catecory_022.png
3013	img/Icon_Catecory_003.png
3014	img/Icon_Catecory_002.png
3015	img/Icon_Catecory_006.png
3016	img/Icon_Catecory_016.png
3017	img/Icon_Catecory_017.png
3018	img/Icon_Catecory_018.png
3019	img/Icon_Catecory_019.png
3020	img/Icon_Catecory_020.png
3021	img/Icon_Catecory_021.png