0	icon/Empty.png
1	icon/Icon_Item_Crops_005.png
2	icon/Icon_Item_Crops_006.png
3	icon/Icon_Item_Crops_010.png
4	icon/Icon_Item_Crops_011.png
5	icon/Icon_Item_Crops_015.png
6	icon/Icon_Item_Crops_016.png
7	icon/Icon_Item_Crops_020.png
8	icon/Icon_Item_Crops_021.png
9	icon/Icon_Item_Crops_025.png
10	icon/Icon_Item_Crops_026.png
11	icon/Icon_Item_Crops_030.png
12	icon/Icon_Item_Crops_031.png
13	icon/Icon_Item_Crops_035.png
14	icon/Icon_Item_Crops_036.png
15	icon/Icon_Item_Crops_040.png
16	icon/Icon_Item_Crops_041.png
17	icon/Icon_Item_Crops_045.png
18	icon/Icon_Item_Crops_046.png
19	icon/Icon_Item_Crops_050.png
20	icon/Icon_Item_Crops_051.png
21	icon/Icon_Item_Crops_055.png
22	icon/Icon_Item_Crops_056.png
23	icon/Icon_Item_Crops_060.png
24	icon/Icon_Item_Crops_061.png
25	icon/Icon_Item_Crops_065.png
26	icon/Icon_Item_Crops_066.png
27	icon/Icon_Item_Crops_070.png
28	icon/Icon_Item_Crops_071.png
29	icon/Icon_Item_Crops_075.png
30	icon/Icon_Item_Crops_076.png
31	icon/Icon_Item_Crops_080.png
32	icon/Icon_Item_Crops_081.png
33	icon/Icon_Item_Crops_085.png
34	icon/Icon_Item_Crops_086.png
35	icon/Icon_Item_Crops_090.png
36	icon/Icon_Item_Crops_091.png
37	icon/Icon_Item_Crops_096.png
38	icon/Icon_Item_Crops_097.png
39	icon/Icon_Item_Crops_102.png
40	icon/Icon_Item_Crops_103.png
41	icon/Icon_Item_Crops_107.png
42	icon/Icon_Item_Crops_108.png
43	icon/Icon_Item_Crops_112.png
44	icon/Icon_Item_Crops_113.png
45	icon/Icon_Item_Crops_117.png
46	icon/Icon_Item_Crops_118.png
47	icon/Icon_Item_Crops_098.png
48	icon/Icon_Item_Crops_130.png
49	icon/Icon_Item_Crops_130.png
50	icon/Icon_Item_Crops_130.png
51	icon/Icon_Item_Crops_130.png
52	icon/Icon_Item_Crops_130.png
53	icon/Icon_Item_Crops_130.png
54	icon/Icon_Item_Crops_130.png
55	icon/Icon_Item_Crops_321.png
56	icon/Icon_Item_Crops_322.png
57	icon/Icon_Item_Crops_323.png
58	icon/Icon_Item_Crops_324.png
100	icon/Icon_Item_Crops_148.png
101	icon/Icon_Item_Crops_149.png
102	icon/Icon_Item_Crops_151.png
103	icon/Icon_Item_Crops_150.png
104	icon/Icon_Item_Crops_135.png
105	icon/Icon_Item_Crops_136.png
106	icon/Icon_Item_Crops_141.png
107	icon/Icon_Item_Crops_142.png
150	icon/Icon_Item_Crops_157.png
151	icon/Icon_Item_Crops_158.png
152	icon/Icon_Item_Crops_162.png
153	icon/Icon_Item_Crops_163.png
154	icon/Icon_Item_Crops_167.png
155	icon/Icon_Item_Crops_168.png
156	icon/Icon_Item_Crops_172.png
157	icon/Icon_Item_Crops_173.png
158	icon/Icon_Item_Crops_190.png
159	icon/Icon_Item_Crops_191.png
160	icon/Icon_Item_Crops_195.png
161	icon/Icon_Item_Crops_196.png
162	icon/Icon_Item_Crops_201.png
163	icon/Icon_Item_Crops_202.png
164	icon/Icon_Item_Crops_207.png
165	icon/Icon_Item_Crops_208.png
166	icon/Icon_Item_Crops_212.png
167	icon/Icon_Item_Crops_213.png
168	icon/Icon_Item_Crops_217.png
169	icon/Icon_Item_Crops_218.png
170	icon/Icon_Item_Crops_223.png
171	icon/Icon_Item_Crops_224.png
172	icon/Icon_Item_Crops_229.png
173	icon/Icon_Item_Crops_230.png
174	icon/Icon_Item_Crops_235.png
175	icon/Icon_Item_Crops_236.png
176	icon/Icon_Item_Crops_241.png
177	icon/Icon_Item_Crops_242.png
178	icon/Icon_Item_Crops_246.png
179	icon/Icon_Item_Crops_247.png
180	icon/Icon_Item_Crops_252.png
181	icon/Icon_Item_Crops_253.png
182	icon/Icon_Item_Crops_258.png
183	icon/Icon_Item_Crops_259.png
184	icon/Icon_Item_Crops_174.png
185	icon/Icon_Item_Crops_175.png
186	icon/Icon_Item_Crops_176.png
187	icon/Icon_Item_Crops_177.png
188	icon/Icon_Item_Crops_178.png
189	icon/Icon_Item_Crops_179.png
190	icon/Icon_Item_Crops_180.png
191	icon/Icon_Item_Crops_181.png
192	icon/Icon_Item_Crops_182.png
193	icon/Icon_Item_Crops_183.png
194	icon/Icon_Item_Crops_184.png
195	icon/Icon_Item_Crops_185.png
196	icon/Icon_Item_Crops_186.png
197	icon/Icon_Item_Crops_260.png
200	icon/Icon_Item_Food_167.png
201	icon/Icon_Item_Food_168.png
250	icon/Icon_Item_Food_013.png
251	icon/Icon_Item_Food_021.png
252	icon/Icon_Item_Food_023.png
253	icon/Icon_Item_Food_019.png
254	icon/Icon_Item_Food_014.png
255	icon/Icon_Item_Food_035.png
256	icon/Icon_Item_Food_027.png
257	icon/Icon_Item_Food_036.png
258	icon/Icon_Item_Food_030.png
259	icon/Icon_Item_Food_017.png
260	icon/Icon_Item_Food_025.png
261	icon/Icon_Item_Food_031.png
262	icon/Icon_Item_Food_033.png
263	icon/Icon_Item_Food_018.png
264	icon/Icon_Item_Food_015.png
265	icon/Icon_Item_Food_012.png
266	icon/Icon_Item_Food_024.png
267	icon/Icon_Item_Food_022.png
268	icon/Icon_Item_Food_029.png
269	icon/Icon_Item_Food_016.png
270	icon/Icon_Item_Food_034.png
271	icon/Icon_Item_Food_028.png
272	icon/Icon_Item_Food_032.png
273	icon/Icon_Item_Food_026.png
274	icon/Icon_Item_Food_020.png
275	icon/Icon_Item_Food_197.png
276	icon/Icon_Item_Food_198.png
300	icon/Icon_Item_Food_076.png
301	icon/Icon_Item_Food_058.png
302	icon/Icon_Item_Food_077.png
303	icon/Icon_Item_Food_054.png
304	icon/Icon_Item_Food_062.png
305	icon/Icon_Item_Food_069.png
306	icon/Icon_Item_Food_071.png
307	icon/Icon_Item_Food_059.png
308	icon/Icon_Item_Food_051.png
309	icon/Icon_Item_Food_057.png
310	icon/Icon_Item_Food_075.png
311	icon/Icon_Item_Food_039.png
312	icon/Icon_Item_Food_074.png
313	icon/Icon_Item_Food_060.png
314	icon/Icon_Item_Food_066.png
315	icon/Icon_Item_Food_087.png
316	icon/Icon_Item_Food_063.png
317	icon/Icon_Item_Food_068.png
318	icon/Icon_Item_Food_085.png
319	icon/Icon_Item_Food_067.png
320	icon/Icon_Item_Food_084.png
321	icon/Icon_Item_Food_038.png
322	icon/Icon_Item_Food_049.png
323	icon/Icon_Item_Food_056.png
324	icon/Icon_Item_Food_040.png
325	icon/Icon_Item_Food_053.png
326	icon/Icon_Item_Food_047.png
327	icon/Icon_Item_Food_083.png
328	icon/Icon_Item_Food_043.png
329	icon/Icon_Item_Food_050.png
330	icon/Icon_Item_Food_070.png
331	icon/Icon_Item_Food_045.png
332	icon/Icon_Item_Food_086.png
333	icon/Icon_Item_Food_078.png
334	icon/Icon_Item_Food_064.png
335	icon/Icon_Item_Food_046.png
336	icon/Icon_Item_Food_079.png
337	icon/Icon_Item_Food_037.png
338	icon/Icon_Item_Food_081.png
339	icon/Icon_Item_Food_055.png
340	icon/Icon_Item_Food_041.png
341	icon/Icon_Item_Food_088.png
342	icon/Icon_Item_Food_061.png
343	icon/Icon_Item_Food_052.png
344	icon/Icon_Item_Food_073.png
345	icon/Icon_Item_Food_042.png
346	icon/Icon_Item_Food_082.png
347	icon/Icon_Item_Food_072.png
348	icon/Icon_Item_Food_080.png
349	icon/Icon_Item_Food_065.png
350	icon/Icon_Item_Food_048.png
351	icon/Icon_Item_Food_044.png
352	icon/Icon_Item_Food_200.png
353	icon/Icon_Item_Food_199.png
354	icon/Icon_Item_Food_201.png
355	icon/Icon_Item_Food_202.png
356	icon/Icon_Item_Food_203.png
357	icon/Icon_Item_Food_208.png
358	icon/Icon_Item_Food_204.png
400	icon/Icon_Item_Food_146.png
401	icon/Icon_Item_Food_144.png
402	icon/Icon_Item_Food_155.png
403	icon/Icon_Item_Food_150.png
404	icon/Icon_Item_Food_145.png
405	icon/Icon_Item_Food_147.png
406	icon/Icon_Item_Food_152.png
407	icon/Icon_Item_Food_163.png
408	icon/Icon_Item_Food_151.png
409	icon/Icon_Item_Food_143.png
410	icon/Icon_Item_Food_142.png
411	icon/Icon_Item_Food_140.png
412	icon/Icon_Item_Food_154.png
413	icon/Icon_Item_Food_141.png
414	icon/Icon_Item_Food_159.png
415	icon/Icon_Item_Food_157.png
416	icon/Icon_Item_Food_139.png
417	icon/Icon_Item_Food_148.png
418	icon/Icon_Item_Food_160.png
419	icon/Icon_Item_Food_149.png
420	icon/Icon_Item_Food_162.png
421	icon/Icon_Item_Food_158.png
422	icon/Icon_Item_Food_165.png
423	icon/Icon_Item_Food_166.png
424	icon/Icon_Item_Food_161.png
425	icon/Icon_Item_Food_153.png
426	icon/Icon_Item_Food_164.png
427	icon/Icon_Item_Food_156.png
428	icon/Icon_Item_Food_206.png
429	icon/Icon_Item_Food_207.png
450	icon/Icon_Item_Food_122.png
451	icon/Icon_Item_Food_108.png
452	icon/Icon_Item_Food_109.png
453	icon/Icon_Item_Food_110.png
454	icon/Icon_Item_Food_112.png
455	icon/Icon_Item_Food_117.png
456	icon/Icon_Item_Food_125.png
457	icon/Icon_Item_Food_124.png
458	icon/Icon_Item_Food_126.png
459	icon/Icon_Item_Food_115.png
460	icon/Icon_Item_Food_127.png
461	icon/Icon_Item_Food_116.png
462	icon/Icon_Item_Food_120.png
463	icon/Icon_Item_Food_114.png
464	icon/Icon_Item_Food_118.png
465	icon/Icon_Item_Food_123.png
466	icon/Icon_Item_Food_121.png
467	icon/Icon_Item_Food_119.png
468	icon/Icon_Item_Food_113.png
500	icon/Icon_Item_Food_103.png
501	icon/Icon_Item_Food_096.png
502	icon/Icon_Item_Food_090.png
503	icon/Icon_Item_Food_089.png
504	icon/Icon_Item_Food_091.png
505	icon/Icon_Item_Food_095.png
506	icon/Icon_Item_Food_093.png
507	icon/Icon_Item_Food_097.png
508	icon/Icon_Item_Food_099.png
509	icon/Icon_Item_Food_101.png
510	icon/Icon_Item_Food_104.png
511	icon/Icon_Item_Food_105.png
512	icon/Icon_Item_Food_098.png
513	icon/Icon_Item_Food_092.png
514	icon/Icon_Item_Food_106.png
515	icon/Icon_Item_Food_100.png
516	icon/Icon_Item_Food_102.png
550	icon/Icon_Item_Food_132.png
551	icon/Icon_Item_Food_134.png
552	icon/Icon_Item_Food_137.png
553	icon/Icon_Item_Food_129.png
554	icon/Icon_Item_Food_136.png
555	icon/Icon_Item_Food_138.png
556	icon/Icon_Item_Food_130.png
557	icon/Icon_Item_Food_133.png
558	icon/Icon_Item_Food_131.png
559	icon/Icon_Item_Food_135.png
560	icon/Icon_Item_Food_128.png
561	icon/Icon_Item_Food_205.png
600	icon/Icon_Item_Food_010.png
601	icon/Icon_Item_Food_006.png
602	icon/Icon_Item_Food_007.png
603	icon/Icon_Item_Food_002.png
604	icon/Icon_Item_Food_004.png
605	icon/Icon_Item_Food_003.png
606	icon/Icon_Item_Food_111.png
607	icon/Icon_Item_Food_094.png
608	icon/Icon_Item_Food_009.png
609	icon/Icon_Item_Food_001.png
610	icon/Icon_Item_Food_107.png
611	icon/Icon_Item_Food_005.png
612	icon/Icon_Item_Food_008.png
613	icon/Icon_Item_Food_011.png
614	icon/Icon_Item_Food_196.png
615	icon/Icon_Item_Food_195.png
650	icon/Icon_Item_Food_169.png
651	icon/Icon_Item_Food_170.png
652	icon/Icon_Item_Food_171.png
653	icon/Icon_Item_Crops_261.png
700	icon/Icon_Item_Food_173.png
701	icon/Icon_Item_Food_180.png
702	icon/Icon_Item_Food_172.png
703	icon/Icon_Item_Food_174.png
704	icon/Icon_Item_Food_181.png
705	icon/Icon_Item_Food_177.png
706	icon/Icon_Item_Food_178.png
707	icon/Icon_Item_Food_175.png
708	icon/Icon_Item_Food_179.png
709	icon/Icon_Item_Food_176.png
750	icon/Icon_Item_Food_184.png
751	icon/Icon_Item_Food_182.png
752	icon/Icon_Item_Food_183.png
753	icon/Icon_Item_Food_187.png
800	icon/Icon_Item_Crops_262.png
801	icon/Icon_Item_Crops_263.png
802	icon/Icon_Item_Crops_264.png
803	icon/Icon_Item_Crops_265.png
804	icon/Icon_Item_Crops_266.png
805	icon/Icon_Item_Crops_267.png
806	icon/Icon_Item_Crops_268.png
807	icon/Icon_Item_Crops_269.png
808	icon/Icon_Item_Crops_270.png
809	icon/Icon_Item_Crops_271.png
810	icon/Icon_Item_Crops_272.png
811	icon/Icon_Item_Crops_273.png
812	icon/Icon_Item_Crops_274.png
813	icon/Icon_Item_Crops_275.png
814	icon/Icon_Item_Crops_276.png
815	icon/Icon_Item_Crops_277.png
816	icon/Icon_Item_Crops_278.png
817	icon/Icon_Item_Crops_279.png
818	icon/Icon_Item_Crops_280.png
819	icon/Icon_Item_Crops_281.png
820	icon/Icon_Item_Crops_282.png
821	icon/Icon_Item_Crops_283.png
822	icon/Icon_Item_Crops_284.png
823	icon/Icon_Item_Crops_285.png
824	icon/Icon_Item_Crops_286.png
825	icon/Icon_Item_Crops_287.png
826	icon/Icon_Item_Crops_288.png
827	icon/Icon_Item_Crops_289.png
828	icon/Icon_Item_Crops_290.png
829	icon/Icon_Item_Crops_291.png
830	icon/Icon_Item_Crops_292.png
831	icon/Icon_Item_Crops_293.png
832	icon/Icon_Item_Crops_294.png
833	icon/Icon_Item_Crops_295.png
834	icon/Icon_Item_Crops_296.png
835	icon/Icon_Item_Crops_297.png
836	icon/Icon_Item_Crops_298.png
837	icon/Icon_Item_Crops_299.png
838	icon/Icon_Item_Crops_300.png
839	icon/Icon_Item_Crops_301.png
840	icon/Icon_Item_Crops_302.png
841	icon/Icon_Item_Crops_303.png
842	icon/Icon_Item_Crops_304.png
843	icon/Icon_Item_Crops_305.png
844	icon/Icon_Item_Crops_306.png
845	icon/Icon_Item_Crops_307.png
846	icon/Icon_Item_Crops_308.png
848	icon/Icon_Item_Crops_310.png
849	icon/Icon_Item_Crops_311.png
850	icon/Icon_Item_Crops_325.png
900	icon/Icon_Item_FarmTool_001.png
901	icon/Icon_Item_FarmTool_002.png
902	icon/Icon_Item_FarmTool_003.png
903	icon/Icon_Item_FarmTool_004.png
904	icon/Icon_Item_FarmTool_005.png
905	icon/Icon_Item_FarmTool_034.png
906	icon/Icon_Item_FarmTool_006.png
907	icon/Icon_Item_FarmTool_007.png
908	icon/Icon_Item_FarmTool_008.png
909	icon/Icon_Item_FarmTool_009.png
910	icon/Icon_Item_FarmTool_010.png
911	icon/Icon_Item_FarmTool_011.png
912	icon/Icon_Item_FarmTool_012.png
913	icon/Icon_Item_FarmTool_013.png
914	icon/Icon_Item_FarmTool_014.png
915	icon/Icon_Item_FarmTool_015.png
916	icon/Icon_Item_FarmTool_021.png
917	icon/Icon_Item_FarmTool_022.png
918	icon/Icon_Item_FarmTool_023.png
919	icon/Icon_Item_FarmTool_024.png
920	icon/Icon_Item_FarmTool_025.png
921	icon/Icon_Item_FarmTool_016.png
922	icon/Icon_Item_FarmTool_017.png
923	icon/Icon_Item_FarmTool_018.png
924	icon/Icon_Item_FarmTool_019.png
925	icon/Icon_Item_FarmTool_020.png
926	icon/Icon_Item_FarmTool_026.png
927	icon/Icon_Item_FarmTool_027.png
928	icon/Icon_Item_FarmTool_028.png
929	icon/Icon_Item_FarmTool_029.png
930	icon/Icon_Item_FarmTool_030.png
931	icon/Icon_Item_FarmTool_031.png
932	icon/Icon_Item_FarmTool_032.png
933	icon/Icon_Item_FarmTool_033.png
1000	icon/Icon_Item_Equip_023.png
1002	icon/Icon_Item_Equip_024.png
1003	icon/Icon_Item_Equip_022.png
1004	icon/Icon_Item_Equip_025.png
1005	icon/Icon_Item_Equip_026.png
1006	icon/Icon_Item_Equip_027.png
1007	icon/Icon_Item_Equip_028.png
1008	icon/Icon_Item_Equip_029.png
1009	icon/Icon_Item_Equip_030.png
1010	icon/Icon_Item_Equip_031.png
1011	icon/Icon_Item_Equip_032.png
1012	icon/Icon_Item_Equip_033.png
1013	icon/Icon_Item_Equip_034.png
1014	icon/Icon_Item_Equip_035.png
1015	icon/Icon_Item_Equip_036.png
1016	icon/Icon_Item_Equip_037.png
1017	icon/Icon_Item_Equip_020.png
1018	icon/Icon_Item_Equip_160.png
1019	icon/Icon_Item_Equip_161.png
1020	icon/Icon_Item_Equip_162.png
1021	icon/Icon_Item_Equip_163.png
1022	icon/Icon_Item_Equip_164.png
1023	icon/Icon_Item_Equip_165.png
1024	icon/Icon_Item_Equip_166.png
1025	icon/Icon_Item_Equip_167.png
1026	icon/Icon_Item_Equip_168.png
1027	icon/Icon_Item_Equip_169.png
1101	icon/Icon_Item_Equip_046.png
1102	icon/Icon_Item_Equip_039.png
1103	icon/Icon_Item_Equip_043.png
1104	icon/Icon_Item_Equip_044.png
1105	icon/Icon_Item_Equip_041.png
1106	icon/Icon_Item_Equip_045.png
1107	icon/Icon_Item_Equip_047.png
1108	icon/Icon_Item_Equip_040.png
1110	icon/Icon_Item_Equip_038.png
1112	icon/Icon_Item_Equip_050.png
1114	icon/Icon_Item_Equip_049.png
1116	icon/Icon_Item_Equip_054.png
1117	icon/Icon_Item_Equip_056.png
1118	icon/Icon_Item_Equip_055.png
1119	icon/Icon_Item_Equip_058.png
1120	icon/Icon_Item_Equip_061.png
1121	icon/Icon_Item_Equip_062.png
1122	icon/Icon_Item_Equip_063.png
1123	icon/Icon_Item_Equip_064.png
1124	icon/Icon_Item_Equip_065.png
1126	icon/Icon_Item_Equip_068.png
1127	icon/Icon_Item_Equip_069.png
1128	icon/Icon_Item_Equip_057.png
1129	icon/Icon_Item_Equip_060.png
1130	icon/Icon_Item_Equip_170.png
1200	icon/Icon_Item_Equip_001.png
1201	icon/Icon_Item_Equip_002.png
1202	icon/Icon_Item_Equip_003.png
1203	icon/Icon_Item_Equip_004.png
1204	icon/Icon_Item_Equip_005.png
1205	icon/Icon_Item_Equip_006.png
1206	icon/Icon_Item_Equip_007.png
1207	icon/Icon_Item_Equip_008.png
1208	icon/Icon_Item_Equip_009.png
1209	icon/Icon_Item_Equip_010.png
1210	icon/Icon_Item_Equip_011.png
1211	icon/Icon_Item_Equip_012.png
1212	icon/Icon_Item_Equip_013.png
1213	icon/Icon_Item_Equip_014.png
1214	icon/Icon_Item_Equip_015.png
1215	icon/Icon_Item_Equip_016.png
1216	icon/Icon_Item_Equip_017.png
1217	icon/Icon_Item_Equip_018.png
1218	icon/Icon_Item_Equip_019.png
1219	icon/Icon_Item_Equip_172.png
1220	icon/Icon_Item_Equip_171.png
1250	icon/Icon_Item_Equip_072.png
1251	icon/Icon_Item_Equip_074.png
1252	icon/Icon_Item_Equip_076.png
1253	icon/Icon_Item_Equip_077.png
1254	icon/Icon_Item_Equip_078.png
1255	icon/Icon_Item_Equip_075.png
1256	icon/Icon_Item_Equip_080.png
1257	icon/Icon_Item_Equip_081.png
1258	icon/Icon_Item_Equip_083.png
1259	icon/Icon_Item_Equip_085.png
1260	icon/Icon_Item_Equip_086.png
1261	icon/Icon_Item_Equip_087.png
1262	icon/Icon_Item_Equip_088.png
1263	icon/Icon_Item_Equip_090.png
1264	icon/Icon_Item_Equip_091.png
1265	icon/Icon_Item_Equip_071.png
1266	icon/Icon_Item_Equip_173.png
1300	icon/Icon_Item_Equip_092.png
1301	icon/Icon_Item_Equip_093.png
1302	icon/Icon_Item_Equip_094.png
1303	icon/Icon_Item_Equip_095.png
1304	icon/Icon_Item_Equip_096.png
1305	icon/Icon_Item_Equip_097.png
1306	icon/Icon_Item_Equip_098.png
1307	icon/Icon_Item_Equip_099.png
1308	icon/Icon_Item_Equip_100.png
1309	icon/Icon_Item_Equip_101.png
1310	icon/Icon_Item_Equip_102.png
1311	icon/Icon_Item_Equip_103.png
1312	icon/Icon_Item_Equip_104.png
1313	icon/Icon_Item_Equip_105.png
1314	icon/Icon_Item_Equip_106.png
1315	icon/Icon_Item_Equip_059.png
1316	icon/Icon_Item_Equip_107.png
1317	icon/Icon_Item_Equip_108.png
1318	icon/Icon_Item_Equip_109.png
1319	icon/Icon_Item_Equip_110.png
1320	icon/Icon_Item_Equip_111.png
1321	icon/Icon_Item_Equip_112.png
1322	icon/Icon_Item_Equip_113.png
1323	icon/Icon_Item_Equip_114.png
1324	icon/Icon_Item_Equip_115.png
1325	icon/Icon_Item_Equip_067.png
1326	icon/Icon_Item_Equip_116.png
1327	icon/Icon_Item_Equip_117.png
1328	icon/Icon_Item_Equip_118.png
1329	icon/Icon_Item_Equip_119.png
1330	icon/Icon_Item_Equip_120.png
1331	icon/Icon_Item_Equip_121.png
1332	icon/Icon_Item_Equip_122.png
1333	icon/Icon_Item_Equip_123.png
1334	icon/Icon_Item_Equip_124.png
1335	icon/Icon_Item_Equip_125.png
1336	icon/Icon_Item_Equip_126.png
1337	icon/Icon_Item_Equip_127.png
1338	icon/Icon_Item_Equip_128.png
1339	icon/Icon_Item_Equip_129.png
1340	icon/Icon_Item_Equip_130.png
1341	icon/Icon_Item_Equip_131.png
1342	icon/Icon_Item_Equip_132.png
1343	icon/Icon_Item_Equip_133.png
1344	icon/Icon_Item_Equip_134.png
1345	icon/Icon_Item_Equip_135.png
1346	icon/Icon_Item_Equip_136.png
1347	icon/Icon_Item_Equip_137.png
1348	icon/Icon_Item_Equip_138.png
1349	icon/Icon_Item_Equip_139.png
1350	icon/Icon_Item_Equip_140.png
1351	icon/Icon_Item_Equip_141.png
1352	icon/Icon_Item_Equip_142.png
1353	icon/Icon_Item_Equip_143.png
1354	icon/Icon_Item_Equip_144.png
1355	icon/Icon_Item_Equip_145.png
1356	icon/Icon_Item_Equip_146.png
1357	icon/Icon_Item_Equip_147.png
1358	icon/Icon_Item_Equip_148.png
1359	icon/Icon_Item_Equip_149.png
1360	icon/Icon_Item_Equip_150.png
1361	icon/Icon_Item_Equip_151.png
1362	icon/Icon_Item_Equip_152.png
1363	icon/Icon_Item_Equip_153.png
1364	icon/Icon_Item_Equip_154.png
1365	icon/Icon_Item_Equip_155.png
1366	icon/Icon_Item_Equip_156.png
1367	icon/Icon_Item_Equip_157.png
1368	icon/Icon_Item_Equip_159.png
1401	icon/Icon_RA_035.png
1402	icon/Icon_RA_036.png
1403	icon/Icon_RA_037.png
1404	icon/Icon_RA_068.png
1405	icon/Icon_RA_038.png
1406	icon/Icon_RA_039.png
1407	icon/Icon_RA_040.png
1408	icon/Icon_RA_069.png
1409	icon/Icon_RA_041.png
1410	icon/Icon_RA_042.png
1411	icon/Icon_RA_043.png
1412	icon/Icon_RA_070.png
1413	icon/Icon_RA_044.png
1414	icon/Icon_RA_045.png
1415	icon/Icon_RA_046.png
1416	icon/Icon_RA_071.png
1417	icon/Icon_RA_047.png
1418	icon/Icon_RA_048.png
1419	icon/Icon_RA_049.png
1420	icon/Icon_RA_072.png
1421	icon/Icon_RA_050.png
1422	icon/Icon_RA_051.png
1423	icon/Icon_RA_052.png
1424	icon/Icon_RA_073.png
1425	icon/Icon_RA_053.png
1426	icon/Icon_RA_054.png
1427	icon/Icon_RA_055.png
1428	icon/Icon_RA_056.png
1429	icon/Icon_RA_057.png
1430	icon/Icon_RA_058.png
1432	icon/Icon_RA_059.png
1433	icon/Icon_RA_001.png
1434	icon/Icon_RA_002.png
1435	icon/Icon_RA_003.png
1436	icon/Icon_RA_004.png
1437	icon/Icon_RA_005.png
1439	icon/Icon_RA_019.png
1440	icon/Icon_RA_020.png
1441	icon/Icon_RA_021.png
1442	icon/Icon_RA_022.png
1443	icon/Icon_RA_023.png
1445	icon/Icon_RA_006.png
1446	icon/Icon_RA_007.png
1447	icon/Icon_RA_008.png
1448	icon/Icon_RA_009.png
1449	icon/Icon_RA_010.png
1451	icon/Icon_RA_011.png
1452	icon/Icon_RA_012.png
1453	icon/Icon_RA_013.png
1454	icon/Icon_RA_014.png
1455	icon/Icon_RA_062.png
1457	icon/Icon_RA_015.png
1458	icon/Icon_RA_016.png
1459	icon/Icon_RA_017.png
1460	icon/Icon_RA_018.png
1461	icon/Icon_RA_064.png
1463	icon/Icon_RA_024.png
1464	icon/Icon_RA_025.png
1465	icon/Icon_RA_026.png
1466	icon/Icon_RA_027.png
1467	icon/Icon_RA_028.png
1468	icon/Icon_RA_029.png
1469	icon/Icon_RA_030.png
1471	icon/Icon_RA_031.png
1472	icon/Icon_RA_032.png
1473	icon/Icon_RA_033.png
1500	icon/Icon_Item_Collection_175.png
1501	icon/Icon_Item_Collection_176.png
1502	icon/Icon_Item_Collection_178.png
1503	icon/Icon_Item_Collection_177.png
1550	icon/Icon_Item_Weapon_001.png
1551	icon/Icon_Item_Weapon_002.png
1552	icon/Icon_Item_Weapon_003.png
1553	icon/Icon_Item_Weapon_004.png
1554	icon/Icon_Item_Weapon_008.png
1556	icon/Icon_Item_Weapon_010.png
1557	icon/Icon_Item_Weapon_012.png
1558	icon/Icon_Item_Weapon_013.png
1559	icon/Icon_Item_Weapon_014.png
1561	icon/Icon_Item_Weapon_016.png
1562	icon/Icon_Item_Weapon_017.png
1563	icon/Icon_Item_Weapon_030.png
1564	icon/Icon_Item_Weapon_018.png
1565	icon/Icon_Item_Weapon_019.png
1566	icon/Icon_Item_Weapon_020.png
1567	icon/Icon_Item_Weapon_021.png
1568	icon/Icon_Item_Weapon_022.png
1569	icon/Icon_Item_Weapon_023.png
1570	icon/Icon_Item_Weapon_024.png
1571	icon/Icon_Item_Weapon_025.png
1572	icon/Icon_Item_Weapon_026.png
1573	icon/Icon_Item_Weapon_027.png
1574	icon/Icon_Item_Weapon_029.png
1575	icon/Icon_Item_Weapon_028.png
1576	icon/Icon_Item_Weapon_031.png
1577	icon/Icon_Item_Weapon_032.png
1578	icon/Icon_Item_Weapon_033.png
1579	icon/Icon_Item_Weapon_034.png
1580	icon/Icon_Item_Weapon_005.png
1581	icon/Icon_Item_Weapon_007.png
1582	icon/Icon_Item_Weapon_006.png
1583	icon/Icon_Item_Weapon_011.png
1584	icon/Icon_Item_Weapon_232.png
1585	icon/Icon_Item_Weapon_233.png
1586	icon/Icon_Item_Weapon_234.png
1587	icon/Icon_Item_Weapon_235.png
1588	icon/Icon_Item_Weapon_236.png
1590	icon/Icon_Item_Weapon_035.png
1591	icon/Icon_Item_Weapon_036.png
1592	icon/Icon_Item_Weapon_037.png
1593	icon/Icon_Item_Weapon_039.png
1594	icon/Icon_Item_Weapon_040.png
1595	icon/Icon_Item_Weapon_041.png
1596	icon/Icon_Item_Weapon_043.png
1597	icon/Icon_Item_Weapon_044.png
1598	icon/Icon_Item_Weapon_045.png
1599	icon/Icon_Item_Weapon_046.png
1600	icon/Icon_Item_Weapon_047.png
1601	icon/Icon_Item_Weapon_048.png
1602	icon/Icon_Item_Weapon_049.png
1603	icon/Icon_Item_Weapon_050.png
1604	icon/Icon_Item_Weapon_051.png
1605	icon/Icon_Item_Weapon_052.png
1606	icon/Icon_Item_Weapon_053.png
1607	icon/Icon_Item_Weapon_054.png
1608	icon/Icon_Item_Weapon_055.png
1609	icon/Icon_Item_Weapon_056.png
1610	icon/Icon_Item_Weapon_057.png
1614	icon/Icon_Item_Weapon_061.png
1615	icon/Icon_Item_Weapon_062.png
1616	icon/Icon_Item_Weapon_063.png
1617	icon/Icon_Item_Weapon_064.png
1618	icon/Icon_Item_Weapon_065.png
1619	icon/Icon_Item_Weapon_066.png
1620	icon/Icon_Item_Weapon_067.png
1621	icon/Icon_Item_Weapon_068.png
1622	icon/Icon_Item_Weapon_042.png
1623	icon/Icon_Item_Weapon_038.png
1624	icon/Icon_Item_Weapon_237.png
1625	icon/Icon_Item_Weapon_240.png
1628	icon/Icon_Item_Weapon_241.png
1629	icon/Icon_Item_Weapon_242.png
1631	icon/Icon_Item_Weapon_069.png
1632	icon/Icon_Item_Weapon_070.png
1633	icon/Icon_Item_Weapon_071.png
1634	icon/Icon_Item_Weapon_072.png
1635	icon/Icon_Item_Weapon_075.png
1636	icon/Icon_Item_Weapon_076.png
1637	icon/Icon_Item_Weapon_077.png
1638	icon/Icon_Item_Weapon_078.png
1639	icon/Icon_Item_Weapon_079.png
1640	icon/Icon_Item_Weapon_081.png
1641	icon/Icon_Item_Weapon_082.png
1643	icon/Icon_Item_Weapon_084.png
1644	icon/Icon_Item_Weapon_085.png
1645	icon/Icon_Item_Weapon_086.png
1646	icon/Icon_Item_Weapon_087.png
1647	icon/Icon_Item_Weapon_088.png
1648	icon/Icon_Item_Weapon_089.png
1649	icon/Icon_Item_Weapon_090.png
1650	icon/Icon_Item_Weapon_091.png
1652	icon/Icon_Item_Weapon_093.png
1653	icon/Icon_Item_Weapon_094.png
1654	icon/Icon_Item_Weapon_095.png
1655	icon/Icon_Item_Weapon_096.png
1656	icon/Icon_Item_Weapon_097.png
1657	icon/Icon_Item_Weapon_098.png
1658	icon/Icon_Item_Weapon_099.png
1659	icon/Icon_Item_Weapon_100.png
1660	icon/Icon_Item_Weapon_101.png
1661	icon/Icon_Item_Weapon_074.png
1662	icon/Icon_Item_Weapon_073.png
1663	icon/Icon_Item_Weapon_080.png
1664	icon/Icon_Item_Weapon_245.png
1665	icon/Icon_Item_Weapon_246.png
1666	icon/Icon_Item_Weapon_247.png
1667	icon/Icon_Item_Weapon_248.png
1669	icon/Icon_Item_Weapon_123.png
1670	icon/Icon_Item_Weapon_125.png
1671	icon/Icon_Item_Weapon_126.png
1672	icon/Icon_Item_Weapon_129.png
1673	icon/Icon_Item_Weapon_130.png
1674	icon/Icon_Item_Weapon_131.png
1675	icon/Icon_Item_Weapon_133.png
1676	icon/Icon_Item_Weapon_134.png
1677	icon/Icon_Item_Weapon_135.png
1678	icon/Icon_Item_Weapon_136.png
1679	icon/Icon_Item_Weapon_137.png
1680	icon/Icon_Item_Weapon_138.png
1681	icon/Icon_Item_Weapon_139.png
1682	icon/Icon_Item_Weapon_140.png
1683	icon/Icon_Item_Weapon_142.png
1684	icon/Icon_Item_Weapon_143.png
1685	icon/Icon_Item_Weapon_144.png
1686	icon/Icon_Item_Weapon_258.png
1687	icon/Icon_Item_Weapon_259.png
1690	icon/Icon_Item_Weapon_124.png
1691	icon/Icon_Item_Weapon_122.png
1695	icon/Icon_Item_Weapon_102.png
1696	icon/Icon_Item_Weapon_104.png
1697	icon/Icon_Item_Weapon_105.png
1698	icon/Icon_Item_Weapon_107.png
1699	icon/Icon_Item_Weapon_108.png
1700	icon/Icon_Item_Weapon_109.png
1701	icon/Icon_Item_Weapon_110.png
1702	icon/Icon_Item_Weapon_111.png
1703	icon/Icon_Item_Weapon_112.png
1704	icon/Icon_Item_Weapon_113.png
1705	icon/Icon_Item_Weapon_114.png
1706	icon/Icon_Item_Weapon_115.png
1707	icon/Icon_Item_Weapon_116.png
1708	icon/Icon_Item_Weapon_117.png
1709	icon/Icon_Item_Weapon_118.png
1710	icon/Icon_Item_Weapon_119.png
1711	icon/Icon_Item_Weapon_120.png
1712	icon/Icon_Item_Weapon_121.png
1713	icon/Icon_Item_Weapon_103.png
1714	icon/Icon_Item_Weapon_106.png
1715	icon/Icon_Item_Weapon_253.png
1716	icon/Icon_Item_Weapon_254.png
1717	icon/Icon_Item_Weapon_255.png
1718	icon/Icon_Item_Weapon_256.png
1719	icon/Icon_Item_Weapon_257.png
1721	icon/Icon_Item_Weapon_198.png
1722	icon/Icon_Item_Weapon_199.png
1723	icon/Icon_Item_Weapon_201.png
1724	icon/Icon_Item_Weapon_202.png
1725	icon/Icon_Item_Weapon_205.png
1726	icon/Icon_Item_Weapon_203.png
1727	icon/Icon_Item_Weapon_206.png
1728	icon/Icon_Item_Weapon_207.png
1729	icon/Icon_Item_Weapon_208.png
1730	icon/Icon_Item_Weapon_209.png
1731	icon/Icon_Item_Weapon_210.png
1732	icon/Icon_Item_Weapon_211.png
1733	icon/Icon_Item_Weapon_212.png
1734	icon/Icon_Item_Weapon_213.png
1735	icon/Icon_Item_Weapon_214.png
1736	icon/Icon_Item_Weapon_215.png
1737	icon/Icon_Item_Weapon_217.png
1738	icon/Icon_Item_Weapon_218.png
1739	icon/Icon_Item_Weapon_219.png
1740	icon/Icon_Item_Weapon_220.png
1741	icon/Icon_Item_Weapon_221.png
1742	icon/Icon_Item_Weapon_222.png
1743	icon/Icon_Item_Weapon_223.png
1744	icon/Icon_Item_Weapon_224.png
1745	icon/Icon_Item_Weapon_225.png
1746	icon/Icon_Item_Weapon_226.png
1747	icon/Icon_Item_Weapon_227.png
1748	icon/Icon_Item_Weapon_228.png
1749	icon/Icon_Item_Weapon_229.png
1750	icon/Icon_Item_Weapon_230.png
1751	icon/Icon_Item_Weapon_231.png
1753	icon/Icon_Item_Weapon_216.png
1754	icon/Icon_Item_Weapon_200.png
1756	icon/Icon_Item_Weapon_196.png
1757	icon/Icon_Item_Weapon_260.png
1758	icon/Icon_Item_Weapon_261.png
1759	icon/Icon_Item_Weapon_262.png
1760	icon/Icon_Item_Weapon_263.png
1761	icon/Icon_Item_Weapon_264.png
1762	icon/Icon_Item_Weapon_265.png
1764	icon/Icon_Item_Weapon_145.png
1765	icon/Icon_Item_Weapon_146.png
1766	icon/Icon_Item_Weapon_148.png
1767	icon/Icon_Item_Weapon_149.png
1768	icon/Icon_Item_Weapon_151.png
1769	icon/Icon_Item_Weapon_152.png
1770	icon/Icon_Item_Weapon_153.png
1771	icon/Icon_Item_Weapon_154.png
1772	icon/Icon_Item_Weapon_156.png
1773	icon/Icon_Item_Weapon_157.png
1774	icon/Icon_Item_Weapon_158.png
1775	icon/Icon_Item_Weapon_159.png
1776	icon/Icon_Item_Weapon_160.png
1777	icon/Icon_Item_Weapon_161.png
1778	icon/Icon_Item_Weapon_162.png
1779	icon/Icon_Item_Weapon_163.png
1780	icon/Icon_Item_Weapon_164.png
1781	icon/Icon_Item_Weapon_165.png
1782	icon/Icon_Item_Weapon_166.png
1783	icon/Icon_Item_Weapon_167.png
1784	icon/Icon_Item_Weapon_169.png
1785	icon/Icon_Item_Weapon_168.png
1786	icon/Icon_Item_Weapon_170.png
1787	icon/Icon_Item_Weapon_171.png
1788	icon/Icon_Item_Weapon_172.png
1789	icon/Icon_Item_Weapon_173.png
1790	icon/Icon_Item_Weapon_175.png
1792	icon/Icon_Item_Weapon_147.png
1793	icon/Icon_Item_Weapon_150.png
1795	icon/Icon_Item_Weapon_243.png
1796	icon/Icon_Item_Weapon_244.png
1798	icon/Icon_Item_Weapon_176.png
1799	icon/Icon_Item_Weapon_177.png
1800	icon/Icon_Item_Weapon_178.png
1801	icon/Icon_Item_Weapon_179.png
1802	icon/Icon_Item_Weapon_180.png
1803	icon/Icon_Item_Weapon_181.png
1804	icon/Icon_Item_Weapon_182.png
1805	icon/Icon_Item_Weapon_183.png
1806	icon/Icon_Item_Weapon_184.png
1807	icon/Icon_Item_Weapon_185.png
1808	icon/Icon_Item_Weapon_186.png
1809	icon/Icon_Item_Weapon_187.png
1810	icon/Icon_Item_Weapon_188.png
1812	icon/Icon_Item_Weapon_190.png
1813	icon/Icon_Item_Weapon_191.png
1814	icon/Icon_Item_Weapon_192.png
1815	icon/Icon_Item_Weapon_193.png
1816	icon/Icon_Item_Weapon_194.png
1817	icon/Icon_Item_Weapon_195.png
1818	icon/Icon_Item_Weapon_249.png
1819	icon/Icon_Item_Weapon_252.png
1820	icon/Icon_Item_Weapon_250.png
1821	icon/Icon_Item_Weapon_251.png
1850	icon/Icon_Item_Fish_001.png
1851	icon/Icon_Item_Fish_002.png
1852	icon/Icon_Item_Fish_003.png
1853	icon/Icon_Item_Fish_004.png
1854	icon/Icon_Item_Fish_005.png
1855	icon/Icon_Item_Fish_006.png
1856	icon/Icon_Item_Fish_008.png
1857	icon/Icon_Item_Fish_009.png
1858	icon/Icon_Item_Fish_010.png
1859	icon/Icon_Item_Fish_012.png
1860	icon/Icon_Item_Fish_013.png
1861	icon/Icon_Item_Fish_014.png
1862	icon/Icon_Item_Fish_015.png
1863	icon/Icon_Item_Fish_016.png
1864	icon/Icon_Item_Fish_017.png
1865	icon/Icon_Item_Fish_007.png
1866	icon/Icon_Item_Fish_019.png
1867	icon/Icon_Item_Fish_020.png
1868	icon/Icon_Item_Fish_021.png
1869	icon/Icon_Item_Fish_022.png
1870	icon/Icon_Item_Fish_026.png
1871	icon/Icon_Item_Fish_023.png
1872	icon/Icon_Item_Fish_024.png
1873	icon/Icon_Item_Fish_027.png
1874	icon/Icon_Item_Fish_028.png
1875	icon/Icon_Item_Fish_029.png
1876	icon/Icon_Item_Fish_030.png
1877	icon/Icon_Item_Fish_025.png
1878	icon/Icon_Item_Fish_031.png
1879	icon/Icon_Item_Fish_032.png
1880	icon/Icon_Item_Fish_018.png
1881	icon/Icon_Item_Fish_011.png
1882	icon/Icon_Item_Fish_035.png
1883	icon/Icon_Item_Fish_036.png
1884	icon/Icon_Item_Fish_037.png
1885	icon/Icon_Item_Fish_038.png
1886	icon/Icon_Item_Fish_039.png
1887	icon/Icon_Item_Fish_034.png
1888	icon/Icon_Item_Fish_040.png
1889	icon/Icon_Item_Fish_041.png
1890	icon/Icon_Item_Fish_042.png
1891	icon/Icon_Item_Fish_043.png
1900	icon/Icon_Item_Collection_172.png
1901	icon/Icon_Item_Collection_173.png
1902	icon/Icon_Item_Collection_174.png
1950	icon/Icon_Item_Food_193.png
1951	icon/Icon_Item_Food_193.png
1952	icon/Icon_Item_Food_194.png
1953	icon/Icon_Item_Food_194.png
1954	icon/Icon_Item_Food_191.png
1955	icon/Icon_Item_Food_191.png
1956	icon/Icon_Item_Food_190.png
1957	icon/Icon_Item_Food_190.png
1958	icon/Icon_Item_Food_192.png
1959	icon/Icon_Item_Food_192.png
2000	icon/Icon_Item_Drug_001.png
2001	icon/Icon_Item_Drug_004.png
2002	icon/Icon_Item_Drug_007.png
2003	icon/Icon_Item_Drug_008.png
2004	icon/Icon_Item_Drug_006.png
2005	icon/Icon_Item_Drug_003.png
2006	icon/Icon_Item_Drug_002.png
2007	icon/Icon_Item_Drug_005.png
2008	icon/Icon_Item_Drug_009.png
2009	icon/Icon_Item_Drug_015.png
2010	icon/Icon_Item_Drug_010.png
2011	icon/Icon_Item_Drug_017.png
2012	icon/Icon_Item_Drug_011.png
2013	icon/Icon_Item_Drug_012.png
2014	icon/Icon_Item_Drug_013.png
2015	icon/Icon_Item_Drug_014.png
2016	icon/Icon_Item_Drug_016.png
2017	icon/Icon_Item_Food_188.png
2018	icon/Icon_Item_Food_186.png
2019	icon/Icon_Item_Food_185.png
2020	icon/Icon_Item_Food_189.png
2100	icon/Icon_Item_Drug_020.png
2101	icon/Icon_Item_Drug_021.png
2102	icon/Icon_Item_Drug_026.png
2103	icon/Icon_Item_Drug_019.png
2104	icon/Icon_Item_Drug_022.png
2105	icon/Icon_Item_Drug_027.png
2106	icon/Icon_Item_Drug_018.png
2107	icon/Icon_Item_Drug_023.png
2108	icon/Icon_Item_Drug_025.png
2109	icon/Icon_Item_Drug_024.png
2150	icon/Icon_Item_Collection_167.png
2151	icon/Icon_Item_Collection_157.png
2152	icon/Icon_Item_Collection_005.png
2153	icon/Icon_Item_Collection_004.png
2154	icon/Icon_Item_Collection_006.png
2155	icon/Icon_Item_Collection_003.png
2156	icon/Icon_Item_Collection_002.png
2157	icon/Icon_Item_Collection_007.png
2158	icon/Icon_Item_Collection_001.png
2159	icon/Icon_Item_Collection_008.png
2160	icon/Icon_Item_Collection_010.png
2161	icon/Icon_Item_Collection_009.png
2162	icon/Icon_Item_Collection_012.png
2163	icon/Icon_Item_Collection_018.png
2164	icon/Icon_Item_Collection_014.png
2165	icon/Icon_Item_Collection_015.png
2166	icon/Icon_Item_Collection_013.png
2167	icon/Icon_Item_Collection_019.png
2168	icon/Icon_Item_Collection_011.png
2169	icon/Icon_Item_Collection_017.png
2170	icon/Icon_Item_Collection_016.png
2171	icon/Icon_Item_Collection_154.png
2172	icon/Icon_Item_Collection_166.png
2173	icon/Icon_Item_Collection_158.png
2175	icon/Icon_Item_Collection_169.png
2176	icon/Icon_Item_Collection_171.png
2177	icon/Icon_Item_Collection_160.png
2178	icon/Icon_Item_Collection_168.png
2179	icon/Icon_Item_Collection_028.png
2180	icon/Icon_Item_Collection_030.png
2181	icon/Icon_Item_Collection_027.png
2182	icon/Icon_Item_Collection_024.png
2183	icon/Icon_Item_Collection_020.png
2184	icon/Icon_Item_Collection_022.png
2185	icon/Icon_Item_Collection_029.png
2186	icon/Icon_Item_Collection_026.png
2187	icon/Icon_Item_Collection_023.png
2188	icon/Icon_Item_Collection_021.png
2189	icon/Icon_Item_Collection_031.png
2190	icon/Icon_Item_Collection_025.png
2191	icon/Icon_Item_Collection_038.png
2192	icon/Icon_Item_Collection_034.png
2193	icon/Icon_Item_Collection_035.png
2194	icon/Icon_Item_Collection_036.png
2195	icon/Icon_Item_Collection_032.png
2196	icon/Icon_Item_Collection_033.png
2197	icon/Icon_Item_Collection_037.png
2198	icon/Icon_Item_Collection_039.png
2199	icon/Icon_Item_Collection_043.png
2200	icon/Icon_Item_Collection_040.png
2201	icon/Icon_Item_Collection_042.png
2202	icon/Icon_Item_Collection_041.png
2203	icon/Icon_Item_Collection_047.png
2204	icon/Icon_Item_Collection_044.png
2205	icon/Icon_Item_Collection_045.png
2206	icon/Icon_Item_Collection_048.png
2209	icon/Icon_Item_Collection_052.png
2210	icon/Icon_Item_Collection_054.png
2211	icon/Icon_Item_Collection_053.png
2213	icon/Icon_Item_Collection_049.png
2214	icon/Icon_Item_Collection_060.png
2215	icon/Icon_Item_Collection_059.png
2216	icon/Icon_Item_Collection_055.png
2217	icon/Icon_Item_Collection_057.png
2218	icon/Icon_Item_Collection_056.png
2219	icon/Icon_Item_Collection_058.png
2220	icon/Icon_Item_Collection_066.png
2221	icon/Icon_Item_Collection_067.png
2223	icon/Icon_Item_Collection_065.png
2225	icon/Icon_Item_Collection_070.png
2227	icon/Icon_Item_Collection_069.png
2228	icon/Icon_Item_Collection_064.png
2230	icon/Icon_Item_Collection_080.png
2231	icon/Icon_Item_Collection_082.png
2232	icon/Icon_Item_Collection_075.png
2233	icon/Icon_Item_Collection_077.png
2234	icon/Icon_Item_Collection_083.png
2235	icon/Icon_Item_Collection_076.png
2238	icon/Icon_Item_Collection_074.png
2239	icon/Icon_Item_Collection_073.png
2242	icon/Icon_Item_Collection_081.png
2243	icon/Icon_Item_Collection_072.png
2245	icon/Icon_Item_Collection_096.png
2246	icon/Icon_Item_Collection_089.png
2247	icon/Icon_Item_Collection_087.png
2248	icon/Icon_Item_Collection_094.png
2250	icon/Icon_Item_Collection_095.png
2251	icon/Icon_Item_Collection_097.png
2252	icon/Icon_Item_Collection_091.png
2253	icon/Icon_Item_Collection_098.png
2254	icon/Icon_Item_Collection_090.png
2257	icon/Icon_Item_Collection_088.png
2258	icon/Icon_Item_Collection_102.png
2259	icon/Icon_Item_Collection_112.png
2260	icon/Icon_Item_Collection_104.png
2261	icon/Icon_Item_Collection_108.png
2262	icon/Icon_Item_Collection_103.png
2263	icon/Icon_Item_Collection_105.png
2264	icon/Icon_Item_Collection_110.png
2265	icon/Icon_Item_Collection_109.png
2266	icon/Icon_Item_Collection_107.png
2267	icon/Icon_Item_Collection_111.png
2268	icon/Icon_Item_Collection_101.png
2269	icon/Icon_Item_Collection_113.png
2272	icon/Icon_Item_Collection_099.png
2273	icon/Icon_Item_Collection_115.png
2274	icon/Icon_Item_Collection_123.png
2275	icon/Icon_Item_Collection_122.png
2276	icon/Icon_Item_Collection_118.png
2277	icon/Icon_Item_Collection_116.png
2278	icon/Icon_Item_Collection_119.png
2279	icon/Icon_Item_Collection_120.png
2280	icon/Icon_Item_Collection_117.png
2281	icon/Icon_Item_Collection_114.png
2282	icon/Icon_Item_Collection_121.png
2283	icon/Icon_Item_Collection_132.png
2284	icon/Icon_Item_Collection_140.png
2285	icon/Icon_Item_Collection_125.png
2286	icon/Icon_Item_Collection_139.png
2287	icon/Icon_Item_Collection_129.png
2289	icon/Icon_Item_Collection_136.png
2290	icon/Icon_Item_Collection_137.png
2291	icon/Icon_Item_Collection_126.png
2294	icon/Icon_Item_Collection_130.png
2296	icon/Icon_Item_Collection_142.png
2297	icon/Icon_Item_Collection_138.png
2298	icon/Icon_Item_Collection_141.png
2300	icon/Icon_Item_Collection_124.png
2302	icon/Icon_Item_Collection_150.png
2303	icon/Icon_Item_Collection_153.png
2304	icon/Icon_Item_Collection_149.png
2305	icon/Icon_Item_Collection_144.png
2306	icon/Icon_Item_Collection_147.png
2307	icon/Icon_Item_Collection_145.png
2308	icon/Icon_Item_Collection_143.png
2309	icon/Icon_Item_Collection_148.png
2311	icon/Icon_Item_Collection_151.png
2312	icon/Icon_Item_Collection_146.png
2315	icon/Icon_Item_Collection_156.png
2318	icon/Icon_Item_Collection_162.png
2319	icon/Icon_Item_Collection_161.png
2321	icon/Icon_Item_Collection_179.png
2322	icon/Icon_Item_Collection_180.png
2323	icon/Icon_Item_Collection_181.png
2324	icon/Icon_Item_Collection_182.png
2325	icon/Icon_Item_Collection_183.png
2326	icon/Icon_Item_Collection_184.png
2327	icon/Icon_Item_Collection_185.png
2328	icon/Icon_Item_Collection_186.png
2329	icon/Icon_Item_Collection_187.png
2330	icon/Icon_Item_Collection_188.png
2331	icon/Icon_Item_Collection_192.png
2332	icon/Icon_Item_Collection_190.png
2333	icon/Icon_Item_Collection_191.png
2334	icon/Icon_Item_Collection_189.png
2335	icon/Icon_Item_Collection_193.png
2336	icon/Icon_Item_Collection_194.png
2337	icon/Icon_Item_Collection_195.png
2338	icon/Icon_Item_Collection_196.png
2339	icon/Icon_Item_Collection_197.png
2340	icon/Icon_Item_Collection_198.png
2341	icon/Icon_Item_Collection_199.png
2342	icon/Icon_Item_Collection_200.png
2343	icon/Icon_Item_Collection_201.png
2344	icon/Icon_Item_Collection_202.png
2345	icon/Icon_Item_Collection_203.png
2346	icon/Icon_Item_Collection_204.png
2347	icon/Icon_Item_Collection_205.png
2348	icon/Icon_Item_Collection_206.png
2349	icon/Icon_Item_Collection_207.png
2350	icon/Icon_Item_Collection_208.png
2351	icon/Icon_Item_Collection_209.png
2352	icon/Icon_Item_Collection_210.png
2353	icon/Icon_Item_Collection_211.png
2354	icon/Icon_Item_Collection_212.png
2355	icon/Icon_Item_Collection_213.png
2356	icon/Icon_Item_Collection_214.png
2357	icon/Icon_Item_Collection_215.png
2358	icon/Icon_Item_Collection_216.png
2359	icon/Icon_Item_Collection_217.png
2360	icon/Icon_Item_Collection_218.png
2361	icon/Icon_Item_Collection_219.png
2400	icon/Icon_Item_Crystal_001.png
2401	icon/Icon_Item_Crystal_002.png
2402	icon/Icon_Item_Crystal_003.png
2403	icon/Icon_Item_Crystal_004.png
2404	icon/Icon_Item_Crystal_005.png
2405	icon/Icon_Item_Crystal_006.png
2406	icon/Icon_Item_Crystal_007.png
2407	icon/Icon_Item_Crystal_008.png
2408	icon/Icon_Item_Crystal_009.png
2409	icon/Icon_Item_Crystal_010.png