3000	icon/rf5/Icon_Catecory_001.png
3001	icon/rf5/Icon_Catecory_005.png
3002	icon/rf5/Icon_Catecory_014.png
3003	icon/rf5/Icon_Catecory_004.png
3004	icon/rf5/Icon_Catecory_013.png
3005	icon/rf5/Icon_Catecory_011.png
3006	icon/rf5/Icon_Catecory_009.png
3007	icon/rf5/Icon_Catecory_010.png
3008	icon/rf5/Icon_Catecory_012.png
3009	icon/rf5/Icon_Catecory_015.png
3010	icon/rf5/Icon_Catecory_007.png
3011	icon/rf5/Icon_Catecory_008.png
3012	icon/rf5/Icon_Catecory_022.png
3013	icon/rf5/Icon_Catecory_003.png
3014	icon/rf5/Icon_Catecory_002.png
3015	icon/rf5/Icon_Catecory_006.png
3016	icon/rf5/Icon_Catecory_016.png
3017	icon/rf5/Icon_Catecory_017.png
3018	icon/rf5/Icon_Catecory_018.png
3019	icon/rf5/Icon_Catecory_019.png
3020	icon/rf5/Icon_Catecory_020.png
3021	icon/rf5/Icon_Catecory_021.png