0	icon/rf4/Empty.png
1	icon/rf4/I_Crop00.png
2	icon/rf4/I_Crop00_big.png
3	icon/rf4/I_Crop01.png
4	icon/rf4/I_Crop01_big.png
5	icon/rf4/I_Crop02.png
6	icon/rf4/I_Crop02_big.png
7	icon/rf4/I_Crop03.png
8	icon/rf4/I_Crop03_big.png
9	icon/rf4/I_Crop04.png
10	icon/rf4/I_Crop04_big.png
11	icon/rf4/I_Crop05.png
12	icon/rf4/I_Crop05_big.png
13	icon/rf4/I_Crop06.png
14	icon/rf4/I_Crop06_big.png
15	icon/rf4/I_Crop07.png
16	icon/rf4/I_Crop07_big.png
17	icon/rf4/I_Crop08.png
18	icon/rf4/I_Crop08_big.png
19	icon/rf4/I_Crop09.png
20	icon/rf4/I_Crop09_big.png
21	icon/rf4/I_Crop10.png
22	icon/rf4/I_Crop10_big.png
23	icon/rf4/I_Crop11.png
24	icon/rf4/I_Crop11_big.png
25	icon/rf4/I_Crop12.png
26	icon/rf4/I_Crop12_big.png
27	icon/rf4/I_Crop13.png
28	icon/rf4/I_Crop13_big.png
29	icon/rf4/I_Crop14.png
30	icon/rf4/I_Crop14_big.png
31	icon/rf4/I_Crop15.png
32	icon/rf4/I_Crop15_big.png
33	icon/rf4/I_Crop16.png
34	icon/rf4/I_Crop16_big.png
35	icon/rf4/I_Crop17.png
36	icon/rf4/I_Crop17_big.png
37	icon/rf4/I_Crop18.png
38	icon/rf4/I_Crop18_big.png
39	icon/rf4/I_Crop19.png
40	icon/rf4/I_Crop19_big.png
41	icon/rf4/I_Crop20.png
42	icon/rf4/I_Crop20_big.png
43	icon/rf4/I_Crop21.png
44	icon/rf4/I_Crop21_big.png
45	icon/rf4/I_Crop22.png
46	icon/rf4/I_Crop22_big.png
47	icon/rf4/I_Crop23.png
48	icon/rf4/I_Crop24.png
49	icon/rf4/I_Crop25.png
50	icon/rf4/I_Crop26.png
51	icon/rf4/I_Crop27.png
52	icon/rf4/I_Crop28.png
53	icon/rf4/I_Crop29.png
54	icon/rf4/I_Crop30.png
55	icon/rf4/I_Fruit00.png
56	icon/rf4/I_Fruit00_big.png
57	icon/rf4/I_Fruit01.png
58	icon/rf4/I_Fruit01_big.png
59	icon/rf4/I_Fruit02.png
60	icon/rf4/I_Fruit03.png
61	icon/rf4/I_Fruit04.png
62	icon/rf4/I_Fruit05.png
63	icon/rf4/I_Leaf00.png
64	icon/rf4/I_Leaf00_big.png
65	icon/rf4/I_Leaf01.png
66	icon/rf4/I_Leaf01_big.png
67	icon/rf4/I_Leaf02.png
68	icon/rf4/I_Leaf02_big.png
69	icon/rf4/I_Leaf03.png
70	icon/rf4/I_Leaf03_big.png
71	icon/rf4/I_Leaf04.png
72	icon/rf4/I_Leaf05.png
73	icon/rf4/I_Leaf06.png
74	icon/rf4/I_Leaf07.png
75	icon/rf4/I_Leaf08.png
76	icon/rf4/I_Leaf09.png
77	icon/rf4/I_Leaf10.png
78	icon/rf4/I_Leaf11.png
79	icon/rf4/I_Leaf12.png
80	icon/rf4/I_Leaf13.png
81	icon/rf4/I_Leaf14.png
82	icon/rf4/I_Leaf15.png
83	icon/rf4/I_Leaf16.png
84	icon/rf4/I_Leaf17.png
85	icon/rf4/I_Leaf17_big.png
86	icon/rf4/I_Leaf18.png
87	icon/rf4/I_Leaf18_big.png
88	icon/rf4/I_Leaf19.png
89	icon/rf4/I_Leaf19_big.png
90	icon/rf4/I_Leaf20.png
91	icon/rf4/I_Leaf20_big.png
92	icon/rf4/I_Leaf21.png
93	icon/rf4/I_Leaf21_big.png
94	icon/rf4/I_Leaf22.png
95	icon/rf4/I_Leaf22_big.png
96	icon/rf4/I_Leaf23.png
97	icon/rf4/I_Leaf23_big.png
98	icon/rf4/I_Leaf24.png
99	icon/rf4/I_Leaf24_big.png
100	icon/rf4/I_Leaf25.png
101	icon/rf4/I_Leaf25_big.png
102	icon/rf4/I_Leaf26.png
103	icon/rf4/I_Leaf26_big.png
104	icon/rf4/I_Leaf27.png
105	icon/rf4/I_Leaf27_big.png
106	icon/rf4/I_Leaf28.png
107	icon/rf4/I_Leaf28_big.png
108	icon/rf4/I_Leaf29.png
109	icon/rf4/I_Leaf29_big.png
110	icon/rf4/I_Leaf30.png
111	icon/rf4/I_Drug00.png
112	icon/rf4/I_Drug01.png
113	icon/rf4/I_Drug02.png
114	icon/rf4/I_Drug03.png
115	icon/rf4/I_Drug04.png
116	icon/rf4/I_Drug05.png
117	icon/rf4/I_Drug06.png
118	icon/rf4/I_Drug07.png
119	icon/rf4/I_Drug08.png
120	icon/rf4/I_Drug09.png
121	icon/rf4/I_Drug10.png
122	icon/rf4/I_Drug11.png
123	icon/rf4/I_Drug12.png
124	icon/rf4/I_Drug13.png
125	icon/rf4/I_Drug14.png
126	icon/rf4/I_Drug15.png
127	icon/rf4/I_Drug16.png
128	icon/rf4/I_Drug17.png
129	icon/rf4/I_Drug18.png
130	icon/rf4/I_Drug19.png
131	icon/rf4/I_Drug20.png
132	icon/rf4/I_CookA00.png
133	icon/rf4/I_CookA01.png
134	icon/rf4/I_CookB00.png
135	icon/rf4/I_CookB01.png
136	icon/rf4/I_CookB02.png
137	icon/rf4/I_CookB03.png
138	icon/rf4/I_CookB04.png
139	icon/rf4/I_CookB05.png
140	icon/rf4/I_CookB06.png
141	icon/rf4/I_CookB07.png
142	icon/rf4/I_CookB08.png
143	icon/rf4/I_CookB09.png
144	icon/rf4/I_CookB10.png
145	icon/rf4/I_CookB11.png
146	icon/rf4/I_CookB12.png
147	icon/rf4/I_CookB13.png
148	icon/rf4/I_CookB14.png
149	icon/rf4/I_CookB15.png
150	icon/rf4/I_CookB16.png
151	icon/rf4/I_CookB17.png
152	icon/rf4/I_CookB18.png
153	icon/rf4/I_CookB19.png
154	icon/rf4/I_CookB20.png
155	icon/rf4/I_CookB21.png
156	icon/rf4/I_CookB22.png
157	icon/rf4/I_CookB23.png
158	icon/rf4/I_CookB24.png
159	icon/rf4/I_CookC00.png
160	icon/rf4/I_CookC01.png
161	icon/rf4/I_CookC02.png
162	icon/rf4/I_CookC03.png
163	icon/rf4/I_CookC04.png
164	icon/rf4/I_CookC05.png
165	icon/rf4/I_CookC06.png
166	icon/rf4/I_CookC07.png
167	icon/rf4/I_CookC08.png
168	icon/rf4/I_CookC09.png
169	icon/rf4/I_CookC10.png
170	icon/rf4/I_CookC11.png
171	icon/rf4/I_CookC12.png
172	icon/rf4/I_CookC13.png
173	icon/rf4/I_CookC14.png
174	icon/rf4/I_CookC15.png
175	icon/rf4/I_CookC16.png
176	icon/rf4/I_CookC17.png
177	icon/rf4/I_CookC18.png
178	icon/rf4/I_CookC19.png
179	icon/rf4/I_CookC20.png
180	icon/rf4/I_CookC21.png
181	icon/rf4/I_CookC22.png
182	icon/rf4/I_CookC23.png
183	icon/rf4/I_CookC24.png
184	icon/rf4/I_CookC25.png
185	icon/rf4/I_CookC26.png
186	icon/rf4/I_CookC27.png
187	icon/rf4/I_CookC28.png
188	icon/rf4/I_CookC29.png
189	icon/rf4/I_CookC30.png
190	icon/rf4/I_CookC31.png
191	icon/rf4/I_CookC32.png
192	icon/rf4/I_CookC33.png
193	icon/rf4/I_CookC34.png
194	icon/rf4/I_CookC35.png
195	icon/rf4/I_CookC36.png
196	icon/rf4/I_CookC37.png
197	icon/rf4/I_CookC38.png
198	icon/rf4/I_CookC39.png
199	icon/rf4/I_CookC40.png
200	icon/rf4/I_CookC41.png
201	icon/rf4/I_CookC42.png
202	icon/rf4/I_CookC43.png
203	icon/rf4/I_CookC44.png
204	icon/rf4/I_CookC45.png
205	icon/rf4/I_CookC46.png
206	icon/rf4/I_CookC47.png
207	icon/rf4/I_CookC48.png
208	icon/rf4/I_CookC49.png
209	icon/rf4/I_CookC50.png
210	icon/rf4/I_CookC51.png
211	icon/rf4/I_CookD00.png
212	icon/rf4/I_CookD01.png
213	icon/rf4/I_CookD02.png
214	icon/rf4/I_CookD03.png
215	icon/rf4/I_CookD04.png
216	icon/rf4/I_CookD05.png
217	icon/rf4/I_CookD06.png
218	icon/rf4/I_CookD07.png
219	icon/rf4/I_CookD08.png
220	icon/rf4/I_CookD09.png
221	icon/rf4/I_CookD10.png
222	icon/rf4/I_CookD11.png
223	icon/rf4/I_CookD12.png
224	icon/rf4/I_CookD13.png
225	icon/rf4/I_CookD14.png
226	icon/rf4/I_CookD15.png
227	icon/rf4/I_CookD16.png
228	icon/rf4/I_CookD17.png
229	icon/rf4/I_CookD18.png
230	icon/rf4/I_CookD19.png
231	icon/rf4/I_CookD20.png
232	icon/rf4/I_CookD21.png
233	icon/rf4/I_CookD22.png
234	icon/rf4/I_CookD23.png
235	icon/rf4/I_CookD24.png
236	icon/rf4/I_CookD25.png
237	icon/rf4/I_CookD26.png
238	icon/rf4/I_CookD27.png
239	icon/rf4/I_CookE00.png
240	icon/rf4/I_CookE01.png
241	icon/rf4/I_CookE02.png
242	icon/rf4/I_CookE03.png
243	icon/rf4/I_CookE04.png
244	icon/rf4/I_CookE05.png
245	icon/rf4/I_CookE06.png
246	icon/rf4/I_CookE07.png
247	icon/rf4/I_CookE08.png
248	icon/rf4/I_CookE09.png
249	icon/rf4/I_CookE10.png
250	icon/rf4/I_CookE11.png
251	icon/rf4/I_CookE12.png
252	icon/rf4/I_CookE13.png
253	icon/rf4/I_CookE14.png
254	icon/rf4/I_CookE15.png
255	icon/rf4/I_CookE16.png
256	icon/rf4/I_CookE17.png
257	icon/rf4/I_CookE18.png
258	icon/rf4/I_CookF00.png
259	icon/rf4/I_CookF01.png
260	icon/rf4/I_CookF02.png
261	icon/rf4/I_CookF03.png
262	icon/rf4/I_CookF04.png
263	icon/rf4/I_CookF05.png
264	icon/rf4/I_CookF06.png
265	icon/rf4/I_CookF07.png
266	icon/rf4/I_CookF08.png
267	icon/rf4/I_CookF09.png
268	icon/rf4/I_CookF10.png
269	icon/rf4/I_CookF11.png
270	icon/rf4/I_CookF12.png
271	icon/rf4/I_CookF13.png
272	icon/rf4/I_CookF14.png
273	icon/rf4/I_CookF15.png
274	icon/rf4/I_CookF16.png
275	icon/rf4/I_CookG00.png
276	icon/rf4/I_CookG01.png
277	icon/rf4/I_CookG02.png
278	icon/rf4/I_CookG03.png
279	icon/rf4/I_CookG04.png
280	icon/rf4/I_CookG05.png
281	icon/rf4/I_CookG06.png
282	icon/rf4/I_CookG07.png
283	icon/rf4/I_CookG08.png
284	icon/rf4/I_CookG09.png
285	icon/rf4/I_CookG10.png
286	icon/rf4/I_CookH00.png
287	icon/rf4/I_CookH01.png
288	icon/rf4/I_CookH02.png
289	icon/rf4/I_CookH03.png
290	icon/rf4/I_CookH04.png
291	icon/rf4/I_CookH05.png
292	icon/rf4/I_CookH06.png
293	icon/rf4/I_CookH07.png
294	icon/rf4/I_CookH08.png
295	icon/rf4/I_CookH09.png
296	icon/rf4/I_CookH10.png
297	icon/rf4/I_CookH11.png
298	icon/rf4/I_CookH12.png
299	icon/rf4/I_CookH13.png
300	icon/rf4/I_CookI00.png
301	icon/rf4/I_CookI01.png
302	icon/rf4/I_CookI02.png
303	icon/rf4/I_CookI03.png
304	icon/rf4/I_CookJ00.png
305	icon/rf4/I_CookJ01.png
306	icon/rf4/I_CookJ02.png
307	icon/rf4/I_CookJ03.png
308	icon/rf4/I_CookJ04.png
309	icon/rf4/I_CookJ05.png
310	icon/rf4/I_CookJ07.png
311	icon/rf4/I_CookJ10.png
312	icon/rf4/I_CookJ13.png
313	icon/rf4/I_CookJ15.png
314	icon/rf4/I_CookK00.png
315	icon/rf4/I_CookK01.png
316	icon/rf4/I_CookK02.png
317	icon/rf4/I_CookK03.png
318	icon/rf4/I_Recipe00.png
319	icon/rf4/I_Recipe01.png
320	icon/rf4/I_Recipe02.png
321	icon/rf4/I_Recipe03.png
322	icon/rf4/I_Recipe04.png
323	icon/rf4/I_Recipe05.png
324	icon/rf4/I_Recipe06.png
325	icon/rf4/I_Recipe07.png
326	icon/rf4/I_Recipe08.png
327	icon/rf4/I_Recipe09.png
328	icon/rf4/I_WeaponA00.png
329	icon/rf4/I_WeaponA01.png
330	icon/rf4/I_WeaponA02.png
331	icon/rf4/I_WeaponA03.png
332	icon/rf4/I_WeaponA04.png
333	icon/rf4/I_WeaponA05.png
334	icon/rf4/I_WeaponA06.png
335	icon/rf4/I_WeaponA07.png
336	icon/rf4/I_WeaponA08.png
337	icon/rf4/I_WeaponA09.png
338	icon/rf4/I_WeaponA10.png
339	icon/rf4/I_WeaponA11.png
340	icon/rf4/I_WeaponA12.png
341	icon/rf4/I_WeaponA13.png
342	icon/rf4/I_WeaponA14.png
343	icon/rf4/I_WeaponA15.png
344	icon/rf4/I_WeaponA16.png
345	icon/rf4/I_WeaponA17.png
346	icon/rf4/I_WeaponA18.png
347	icon/rf4/I_WeaponA19.png
348	icon/rf4/I_WeaponA20.png
349	icon/rf4/I_WeaponA21.png
350	icon/rf4/I_WeaponA22.png
351	icon/rf4/I_WeaponA23.png
352	icon/rf4/I_WeaponA24.png
353	icon/rf4/I_WeaponA25.png
354	icon/rf4/I_WeaponA26.png
355	icon/rf4/I_WeaponA27.png
356	icon/rf4/I_WeaponA28.png
357	icon/rf4/I_WeaponA29.png
358	icon/rf4/I_WeaponA30.png
359	icon/rf4/I_WeaponA31.png
360	icon/rf4/I_WeaponA32.png
361	icon/rf4/I_WeaponA33.png
362	icon/rf4/I_WeaponA00.png
363	icon/rf4/I_WeaponB01.png
364	icon/rf4/I_WeaponB02.png
365	icon/rf4/I_WeaponB03.png
366	icon/rf4/I_WeaponB04.png
367	icon/rf4/I_WeaponB05.png
368	icon/rf4/I_WeaponB06.png
369	icon/rf4/I_WeaponB07.png
370	icon/rf4/I_WeaponB08.png
371	icon/rf4/I_WeaponB09.png
372	icon/rf4/I_WeaponB10.png
373	icon/rf4/I_WeaponB11.png
374	icon/rf4/I_WeaponB12.png
375	icon/rf4/I_WeaponB13.png
376	icon/rf4/I_WeaponB14.png
377	icon/rf4/I_WeaponB15.png
378	icon/rf4/I_WeaponB16.png
379	icon/rf4/I_WeaponB17.png
380	icon/rf4/I_WeaponB18.png
381	icon/rf4/I_WeaponB19.png
382	icon/rf4/I_WeaponB20.png
383	icon/rf4/I_WeaponB21.png
384	icon/rf4/I_WeaponB22.png
385	icon/rf4/I_WeaponB23.png
386	icon/rf4/I_WeaponB24.png
387	icon/rf4/I_WeaponB25.png
388	icon/rf4/I_WeaponB26.png
389	icon/rf4/I_WeaponB27.png
390	icon/rf4/I_WeaponB28.png
391	icon/rf4/I_WeaponB29.png
392	icon/rf4/I_WeaponB30.png
393	icon/rf4/I_WeaponB31.png
394	icon/rf4/I_WeaponB32.png
395	icon/rf4/I_WeaponB33.png
396	icon/rf4/I_WeaponC00.png
397	icon/rf4/I_WeaponC01.png
398	icon/rf4/I_WeaponC02.png
399	icon/rf4/I_WeaponC03.png
400	icon/rf4/I_WeaponC04.png
401	icon/rf4/I_WeaponC05.png
402	icon/rf4/I_WeaponC06.png
403	icon/rf4/I_WeaponC07.png
404	icon/rf4/I_WeaponC08.png
405	icon/rf4/I_WeaponC09.png
406	icon/rf4/I_WeaponC10.png
407	icon/rf4/I_WeaponC11.png
408	icon/rf4/I_WeaponC12.png
409	icon/rf4/I_WeaponC13.png
410	icon/rf4/I_WeaponC14.png
411	icon/rf4/I_WeaponC15.png
412	icon/rf4/I_WeaponC16.png
413	icon/rf4/I_WeaponC17.png
414	icon/rf4/I_WeaponC18.png
415	icon/rf4/I_WeaponC19.png
416	icon/rf4/I_WeaponC20.png
417	icon/rf4/I_WeaponC21.png
418	icon/rf4/I_WeaponC22.png
419	icon/rf4/I_WeaponC23.png
420	icon/rf4/I_WeaponC24.png
421	icon/rf4/I_WeaponC25.png
422	icon/rf4/I_WeaponC26.png
423	icon/rf4/I_WeaponC27.png
424	icon/rf4/I_WeaponC28.png
425	icon/rf4/I_WeaponC29.png
426	icon/rf4/I_WeaponC30.png
427	icon/rf4/I_WeaponC31.png
428	icon/rf4/I_WeaponC32.png
429	icon/rf4/I_WeaponD05.png
430	icon/rf4/I_WeaponD06.png
431	icon/rf4/I_WeaponD07.png
432	icon/rf4/I_WeaponD08.png
433	icon/rf4/I_WeaponD09.png
434	icon/rf4/I_WeaponD10.png
435	icon/rf4/I_WeaponD11.png
436	icon/rf4/I_WeaponD12.png
437	icon/rf4/I_WeaponD13.png
438	icon/rf4/I_WeaponD14.png
439	icon/rf4/I_WeaponD15.png
440	icon/rf4/I_WeaponD16.png
441	icon/rf4/I_WeaponD17.png
442	icon/rf4/I_WeaponD18.png
443	icon/rf4/I_WeaponD19.png
444	icon/rf4/I_WeaponD20.png
445	icon/rf4/I_WeaponD21.png
446	icon/rf4/I_WeaponD22.png
447	icon/rf4/I_WeaponD23.png
448	icon/rf4/I_WeaponD24.png
449	icon/rf4/I_WeaponD25.png
450	icon/rf4/I_WeaponD26.png
451	icon/rf4/I_WeaponD27.png
452	icon/rf4/I_WeaponE05.png
453	icon/rf4/I_WeaponE06.png
454	icon/rf4/I_WeaponE07.png
455	icon/rf4/I_WeaponE08.png
456	icon/rf4/I_WeaponE09.png
457	icon/rf4/I_WeaponE10.png
458	icon/rf4/I_WeaponE11.png
459	icon/rf4/I_WeaponE12.png
460	icon/rf4/I_WeaponD13.png
461	icon/rf4/I_WeaponD14.png
462	icon/rf4/I_WeaponD15.png
463	icon/rf4/I_WeaponD16.png
464	icon/rf4/I_WeaponD17.png
465	icon/rf4/I_WeaponD18.png
466	icon/rf4/I_WeaponD19.png
467	icon/rf4/I_WeaponD20.png
468	icon/rf4/I_WeaponD21.png
469	icon/rf4/I_WeaponD22.png
470	icon/rf4/I_WeaponD23.png
471	icon/rf4/I_WeaponD24.png
472	icon/rf4/I_WeaponK00.png
473	icon/rf4/I_WeaponK01.png
474	icon/rf4/I_WeaponK02.png
475	icon/rf4/I_WeaponK03.png
476	icon/rf4/I_WeaponK04.png
477	icon/rf4/I_WeaponK05.png
478	icon/rf4/I_WeaponK06.png
479	icon/rf4/I_WeaponK07.png
480	icon/rf4/I_WeaponK08.png
481	icon/rf4/I_WeaponK09.png
482	icon/rf4/I_WeaponK10.png
483	icon/rf4/I_WeaponK11.png
484	icon/rf4/I_WeaponK12.png
485	icon/rf4/I_WeaponK13.png
486	icon/rf4/I_WeaponK14.png
487	icon/rf4/I_WeaponK15.png
488	icon/rf4/I_WeaponK16.png
489	icon/rf4/I_WeaponK17.png
490	icon/rf4/I_WeaponK18.png
491	icon/rf4/I_WeaponK19.png
492	icon/rf4/I_WeaponK20.png
493	icon/rf4/I_WeaponK21.png
494	icon/rf4/I_WeaponK22.png
495	icon/rf4/I_WeaponK23.png
496	icon/rf4/I_WeaponK24.png
497	icon/rf4/I_WeaponK25.png
498	icon/rf4/I_WeaponK26.png
499	icon/rf4/I_WeaponK27.png
500	icon/rf4/I_WeaponK28.png
501	icon/rf4/I_WeaponK29.png
502	icon/rf4/I_WeaponK30.png
503	icon/rf4/I_WeaponK31.png
504	icon/rf4/I_WeaponK32.png
505	icon/rf4/I_WeaponK33.png
506	icon/rf4/I_WeaponK35.png
507	icon/rf4/I_WeaponK36.png
508	icon/rf4/I_WeaponM00.png
509	icon/rf4/I_WeaponM01.png
510	icon/rf4/I_WeaponM02.png
511	icon/rf4/I_WeaponM03.png
512	icon/rf4/I_WeaponM04.png
513	icon/rf4/I_WeaponM05.png
514	icon/rf4/I_WeaponM06.png
515	icon/rf4/I_WeaponM07.png
516	icon/rf4/I_WeaponM08.png
517	icon/rf4/I_WeaponM09.png
518	icon/rf4/I_WeaponM10.png
519	icon/rf4/I_WeaponM11.png
520	icon/rf4/I_WeaponM12.png
521	icon/rf4/I_WeaponM13.png
522	icon/rf4/I_WeaponM14.png
523	icon/rf4/I_WeaponM15.png
524	icon/rf4/I_WeaponM16.png
525	icon/rf4/I_WeaponM17.png
526	icon/rf4/I_WeaponM18.png
527	icon/rf4/I_WeaponM19.png
528	icon/rf4/I_WeaponM20.png
529	icon/rf4/I_WeaponM21.png
530	icon/rf4/I_WeaponM22.png
531	icon/rf4/I_WeaponM23.png
532	icon/rf4/I_WeaponM24.png
533	icon/rf4/I_WeaponM25.png
534	icon/rf4/I_WeaponM26.png
535	icon/rf4/I_WeaponM27.png
536	icon/rf4/I_WeaponM28.png
537	icon/rf4/I_WeaponM29.png
538	icon/rf4/I_WeaponM30.png
539	icon/rf4/I_WeaponN00.png
540	icon/rf4/I_WeaponN01.png
541	icon/rf4/I_WeaponN02.png
542	icon/rf4/I_WeaponN03.png
543	icon/rf4/I_WeaponN04.png
544	icon/rf4/I_WeaponN05.png
545	icon/rf4/I_WeaponN06.png
546	icon/rf4/I_WeaponN07.png
547	icon/rf4/I_WeaponN08.png
548	icon/rf4/I_WeaponN09.png
549	icon/rf4/I_WeaponN10.png
550	icon/rf4/I_WeaponN11.png
551	icon/rf4/I_WeaponN12.png
552	icon/rf4/I_WeaponN13.png
553	icon/rf4/I_WeaponN14.png
554	icon/rf4/I_WeaponN15.png
555	icon/rf4/I_WeaponN16.png
556	icon/rf4/I_WeaponN17.png
557	icon/rf4/I_WeaponN18.png
558	icon/rf4/I_WeaponN19.png
559	icon/rf4/I_WeaponH00.png
560	icon/rf4/I_WeaponH01.png
561	icon/rf4/I_WeaponH02.png
562	icon/rf4/I_WeaponH03.png
563	icon/rf4/I_WeaponH04.png
564	icon/rf4/I_WeaponG00.png
565	icon/rf4/I_WeaponG01.png
566	icon/rf4/I_WeaponG02.png
567	icon/rf4/I_WeaponG03.png
568	icon/rf4/I_WeaponG04.png
569	icon/rf4/I_WeaponF00.png
570	icon/rf4/I_WeaponF01.png
571	icon/rf4/I_WeaponF02.png
572	icon/rf4/I_WeaponF03.png
573	icon/rf4/I_WeaponF04.png
574	icon/rf4/I_WeaponD00.png
575	icon/rf4/I_WeaponD01.png
576	icon/rf4/I_WeaponD02.png
577	icon/rf4/I_WeaponD03.png
578	icon/rf4/I_WeaponD04.png
579	icon/rf4/I_WeaponE00.png
580	icon/rf4/I_WeaponE01.png
581	icon/rf4/I_WeaponE02.png
582	icon/rf4/I_WeaponE03.png
583	icon/rf4/I_WeaponE04.png
584	icon/rf4/I_WeaponI00.png
585	icon/rf4/I_WeaponI01.png
586	icon/rf4/I_WeaponI02.png
587	icon/rf4/I_WeaponI03.png
588	icon/rf4/I_WeaponI04.png
589	icon/rf4/I_Shield00.png
590	icon/rf4/I_Shield01.png
591	icon/rf4/I_Shield02.png
592	icon/rf4/I_Shield03.png
593	icon/rf4/I_Shield04.png
594	icon/rf4/I_Shield05.png
595	icon/rf4/I_Shield06.png
596	icon/rf4/I_Shield07.png
597	icon/rf4/I_Shield08.png
598	icon/rf4/I_Shield09.png
599	icon/rf4/I_Shield10.png
600	icon/rf4/I_Shield11.png
601	icon/rf4/I_Shield12.png
602	icon/rf4/I_Shield13.png
603	icon/rf4/I_Shield14.png
604	icon/rf4/I_Shield15.png
605	icon/rf4/I_Shield16.png
606	icon/rf4/I_Shield17.png
607	icon/rf4/I_Acce00.png
608	icon/rf4/I_Acce01.png
609	icon/rf4/I_Acce02.png
610	icon/rf4/I_Acce03.png
611	icon/rf4/I_Acce04.png
612	icon/rf4/I_Acce05.png
613	icon/rf4/I_Acce06.png
614	icon/rf4/I_Acce07.png
615	icon/rf4/I_Acce08.png
616	icon/rf4/I_Acce09.png
617	icon/rf4/I_Acce10.png
618	icon/rf4/I_Acce11.png
619	icon/rf4/I_Acce12.png
620	icon/rf4/I_Acce13.png
621	icon/rf4/I_Acce14.png
622	icon/rf4/I_Acce15.png
623	icon/rf4/I_Acce16.png
624	icon/rf4/I_Acce17.png
625	icon/rf4/I_Acce18.png
626	icon/rf4/I_Acce19.png
627	icon/rf4/I_Acce20.png
628	icon/rf4/I_Acce21.png
629	icon/rf4/I_Acce22.png
630	icon/rf4/I_Acce23.png
631	icon/rf4/I_Acce24.png
632	icon/rf4/I_Acce25.png
633	icon/rf4/I_Acce26.png
634	icon/rf4/I_Acce27.png
635	icon/rf4/I_Acce28.png
636	icon/rf4/I_Acce29.png
637	icon/rf4/I_Acce30.png
638	icon/rf4/I_Acce31.png
639	icon/rf4/I_Acce32.png
640	icon/rf4/I_Acce33.png
641	icon/rf4/I_Acce34.png
642	icon/rf4/I_Acce35.png
643	icon/rf4/I_Acce36.png
644	icon/rf4/I_Acce37.png
645	icon/rf4/I_Acce38.png
646	icon/rf4/I_Acce39.png
647	icon/rf4/I_Acce40.png
648	icon/rf4/I_Acce41.png
649	icon/rf4/I_Acce42.png
650	icon/rf4/I_Acce43.png
651	icon/rf4/I_Acce44.png
652	icon/rf4/I_Acce45.png
653	icon/rf4/I_Acce46.png
654	icon/rf4/I_Acce47.png
655	icon/rf4/I_Acce48.png
656	icon/rf4/I_Acce49.png
657	icon/rf4/I_Acce50.png
658	icon/rf4/I_Acce51.png
659	icon/rf4/I_Acce52.png
660	icon/rf4/I_Acce53.png
661	icon/rf4/I_Acce54.png
662	icon/rf4/I_Acce55.png
663	icon/rf4/I_Acce56.png
664	icon/rf4/I_Acce57.png
665	icon/rf4/I_Acce58.png
666	icon/rf4/I_Acce59.png
667	icon/rf4/I_Acce60.png
668	icon/rf4/I_Acce61.png
669	icon/rf4/I_Acce62.png
671	icon/rf4/I_Acce63.png
672	icon/rf4/I_Acce64.png
673	icon/rf4/I_Acce65.png
674	icon/rf4/I_Present42.png
675	icon/rf4/I_Present48.png
676	icon/rf4/I_Present00.png
677	icon/rf4/I_Hat00.png
678	icon/rf4/I_Hat01.png
679	icon/rf4/I_Hat02.png
680	icon/rf4/I_Hat03.png
681	icon/rf4/I_Hat04.png
682	icon/rf4/I_Hat05.png
683	icon/rf4/I_Hat06.png
684	icon/rf4/I_Hat07.png
685	icon/rf4/I_Hat08.png
686	icon/rf4/I_Hat09.png
687	icon/rf4/I_Hat10.png
688	icon/rf4/I_Hat11.png
689	icon/rf4/I_Hat12.png
690	icon/rf4/I_Hat13.png
691	icon/rf4/I_Hat14.png
692	icon/rf4/I_Hat15.png
693	icon/rf4/I_Hat16.png
694	icon/rf4/I_Hat17.png
695	icon/rf4/I_Hat18.png
696	icon/rf4/I_Hat19.png
697	icon/rf4/I_Hat20.png
698	icon/rf4/I_Hat21.png
699	icon/rf4/I_Hat22.png
700	icon/rf4/I_Hat23.png
701	icon/rf4/I_Hat24.png
702	icon/rf4/I_Hat25.png
703	icon/rf4/I_Hat26.png
704	icon/rf4/I_Hat27.png
705	icon/rf4/I_Hat28.png
706	icon/rf4/I_Hat29.png
707	icon/rf4/I_Hat30.png
708	icon/rf4/I_Hat31.png
709	icon/rf4/I_Shose00.png
710	icon/rf4/I_Shose01.png
711	icon/rf4/I_Shose02.png
712	icon/rf4/I_Shose03.png
713	icon/rf4/I_Shose04.png
714	icon/rf4/I_Shose05.png
715	icon/rf4/I_Shose06.png
716	icon/rf4/I_Shose07.png
717	icon/rf4/I_Shose08.png
718	icon/rf4/I_Shose09.png
719	icon/rf4/I_Shose10.png
720	icon/rf4/I_Shose11.png
721	icon/rf4/I_Shose12.png
722	icon/rf4/I_Shose13.png
723	icon/rf4/I_Shose14.png
724	icon/rf4/I_Shose15.png
725	icon/rf4/I_Shose16.png
726	icon/rf4/I_Shose17.png
727	icon/rf4/I_Shose18.png
728	icon/rf4/I_Shose19.png
729	icon/rf4/I_Shose20.png
730	icon/rf4/I_Shose21.png
731	icon/rf4/I_Armor00.png
732	icon/rf4/I_Armor01.png
733	icon/rf4/I_Armor02.png
734	icon/rf4/I_Armor03.png
735	icon/rf4/I_Armor04.png
736	icon/rf4/I_Armor05.png
737	icon/rf4/I_Armor06.png
738	icon/rf4/I_Armor07.png
739	icon/rf4/I_Armor08.png
740	icon/rf4/I_Armor09.png
741	icon/rf4/I_Armor10.png
742	icon/rf4/I_Armor11.png
743	icon/rf4/I_Armor12.png
744	icon/rf4/I_Armor13.png
745	icon/rf4/I_Armor14.png
746	icon/rf4/I_Armor15.png
747	icon/rf4/I_Armor16.png
748	icon/rf4/I_Armor17.png
749	icon/rf4/I_Armor18.png
750	icon/rf4/I_ToolB00.png
751	icon/rf4/I_ToolC00.png
752	icon/rf4/I_ToolG01.png
753	icon/rf4/I_Seed00.png
754	icon/rf4/I_Seed01.png
755	icon/rf4/I_Seed02.png
756	icon/rf4/I_Seed03.png
757	icon/rf4/I_Seed04.png
758	icon/rf4/I_Seed05.png
759	icon/rf4/I_Seed06.png
760	icon/rf4/I_Seed07.png
761	icon/rf4/I_Seed08.png
762	icon/rf4/I_Seed09.png
763	icon/rf4/I_Seed10.png
764	icon/rf4/I_Seed11.png
765	icon/rf4/I_Seed12.png
766	icon/rf4/I_Seed13.png
767	icon/rf4/I_Seed14.png
768	icon/rf4/I_Seed15.png
769	icon/rf4/I_Seed16.png
770	icon/rf4/I_Seed17.png
771	icon/rf4/I_Seed18.png
772	icon/rf4/I_Seed19.png
773	icon/rf4/I_Seed20.png
774	icon/rf4/I_Seed21.png
775	icon/rf4/I_Seed22.png
776	icon/rf4/I_Seed23.png
777	icon/rf4/I_Seed24.png
778	icon/rf4/I_Seed25.png
779	icon/rf4/I_Seed26.png
780	icon/rf4/I_Seed27.png
781	icon/rf4/I_Seed28.png
782	icon/rf4/I_Seed29.png
783	icon/rf4/I_Seed30.png
784	icon/rf4/I_Seed31.png
785	icon/rf4/I_Seed32.png
786	icon/rf4/I_Seed33.png
787	icon/rf4/I_Seed34.png
788	icon/rf4/I_Seed35.png
789	icon/rf4/I_Seed36.png
790	icon/rf4/I_Seed37.png
791	icon/rf4/I_Seed38.png
792	icon/rf4/I_Seed39.png
793	icon/rf4/I_Seed40.png
794	icon/rf4/I_Seed41.png
795	icon/rf4/I_Seed42.png
796	icon/rf4/I_Seed43.png
797	icon/rf4/I_Seed44.png
798	icon/rf4/I_Seed45.png
799	icon/rf4/I_Seed46.png
800	icon/rf4/I_Seed47.png
801	icon/rf4/I_Seed48.png
802	icon/rf4/I_Seed49.png
803	icon/rf4/I_SDrug00.png
804	icon/rf4/I_SDrug01.png
805	icon/rf4/I_SDrug01_h.png
806	icon/rf4/I_SDrug02.png
807	icon/rf4/I_SDrug03.png
808	icon/rf4/I_SDrug04.png
809	icon/rf4/I_SDrug05.png
810	icon/rf4/I_SDrug06.png
811	icon/rf4/I_SDrug07.png
812	icon/rf4/I_SDrug08.png
813	icon/rf4/I_Item00.png
814	icon/rf4/I_Item01.png
815	icon/rf4/I_Item02.png
816	icon/rf4/I_Item03.png
817	icon/rf4/I_Item05.png
818	icon/rf4/I_Item06.png
819	icon/rf4/I_Item07.png
820	icon/rf4/I_Item08.png
821	icon/rf4/I_Item09.png
822	icon/rf4/I_Item10.png
823	icon/rf4/I_Item11.png
824	icon/rf4/I_Item12.png
825	icon/rf4/I_Item13.png
826	icon/rf4/I_Item14.png
827	icon/rf4/I_Item15.png
828	icon/rf4/I_Item16.png
829	icon/rf4/I_Item17.png
830	icon/rf4/I_Item18.png
831	icon/rf4/I_Item19.png
832	icon/rf4/I_Item20.png
833	icon/rf4/I_Item21.png
834	icon/rf4/I_Item22.png
835	icon/rf4/I_Item23.png
836	icon/rf4/I_Item24.png
837	icon/rf4/I_Item25.png
838	icon/rf4/I_Item26.png
839	icon/rf4/I_Item27.png
840	icon/rf4/I_Item28.png
841	icon/rf4/I_Item29.png
842	icon/rf4/I_Item30.png
843	icon/rf4/I_Item31.png
844	icon/rf4/I_Item32.png
845	icon/rf4/I_Item33.png
846	icon/rf4/I_Item34.png
847	icon/rf4/I_Item35.png
848	icon/rf4/I_Item36.png
849	icon/rf4/I_Item37.png
850	icon/rf4/I_Item38.png
851	icon/rf4/I_Item39.png
852	icon/rf4/I_Item40.png
853	icon/rf4/I_Item41.png
854	icon/rf4/I_Item42.png
855	icon/rf4/I_Item43.png
856	icon/rf4/I_Item44.png
857	icon/rf4/I_Item45.png
858	icon/rf4/I_Item46.png
859	icon/rf4/I_Item47.png
860	icon/rf4/I_Item48.png
861	icon/rf4/I_Item49.png
862	icon/rf4/I_Item50.png
863	icon/rf4/I_Item51.png
864	icon/rf4/I_Item52.png
865	icon/rf4/I_Item53.png
866	icon/rf4/I_Item54.png
867	icon/rf4/I_Item55.png
868	icon/rf4/I_Item56.png
869	icon/rf4/I_Item57.png
870	icon/rf4/I_Item58.png
871	icon/rf4/I_Item59.png
872	icon/rf4/I_Item60.png
873	icon/rf4/I_Item61.png
874	icon/rf4/I_Item62.png
875	icon/rf4/I_Item63.png
876	icon/rf4/I_Item64.png
877	icon/rf4/I_Item65.png
878	icon/rf4/I_Item66.png
879	icon/rf4/I_Item67.png
880	icon/rf4/I_Item68.png
881	icon/rf4/I_Item69.png
882	icon/rf4/I_Item70.png
883	icon/rf4/I_Item71.png
884	icon/rf4/I_Item72.png
885	icon/rf4/I_Item73.png
886	icon/rf4/I_Item74.png
887	icon/rf4/I_Item75.png
888	icon/rf4/I_Item76.png
889	icon/rf4/I_Item77.png
890	icon/rf4/I_Item78.png
891	icon/rf4/I_Item79.png
892	icon/rf4/I_Item80.png
893	icon/rf4/I_Item81.png
894	icon/rf4/I_Item82.png
895	icon/rf4/I_Item83.png
896	icon/rf4/I_Item84.png
897	icon/rf4/I_Item85.png
898	icon/rf4/I_Item86.png
899	icon/rf4/I_Item87.png
900	icon/rf4/I_Item88.png
901	icon/rf4/I_Item89.png
902	icon/rf4/I_Item90.png
903	icon/rf4/I_Item91.png
904	icon/rf4/I_Item92.png
905	icon/rf4/I_Item93.png
906	icon/rf4/I_Item94.png
907	icon/rf4/I_Item95.png
908	icon/rf4/I_Item96.png
909	icon/rf4/I_Item97.png
910	icon/rf4/I_Item98.png
911	icon/rf4/I_Item99.png
912	icon/rf4/I_Item100.png
913	icon/rf4/I_Item101.png
914	icon/rf4/I_Item102.png
915	icon/rf4/I_Item103.png
916	icon/rf4/I_Item104.png
917	icon/rf4/I_Item105.png
918	icon/rf4/I_Item106.png
919	icon/rf4/I_Item107.png
920	icon/rf4/I_Item108.png
921	icon/rf4/I_Item109.png
922	icon/rf4/I_Item110.png
923	icon/rf4/I_Item111.png
924	icon/rf4/I_Item112.png
925	icon/rf4/I_Item113.png
926	icon/rf4/I_Item114.png
927	icon/rf4/I_Item115.png
928	icon/rf4/I_Item116.png
929	icon/rf4/I_Item117.png
930	icon/rf4/I_Item118.png
931	icon/rf4/I_Item119.png
932	icon/rf4/I_Item120.png
933	icon/rf4/I_Item121.png
934	icon/rf4/I_Item122.png
935	icon/rf4/I_Item123.png
936	icon/rf4/I_Item124.png
937	icon/rf4/I_Item125.png
938	icon/rf4/I_Item126.png
939	icon/rf4/I_Item127.png
940	icon/rf4/I_Item128.png
941	icon/rf4/I_Item129.png
942	icon/rf4/I_Item130.png
943	icon/rf4/I_Item131.png
944	icon/rf4/I_Item132.png
945	icon/rf4/I_Item133.png
946	icon/rf4/I_Item134.png
947	icon/rf4/I_Item135.png
948	icon/rf4/I_Item136.png
949	icon/rf4/I_Item137.png
950	icon/rf4/I_Item138.png
951	icon/rf4/I_Item139.png
952	icon/rf4/I_Item140.png
953	icon/rf4/I_Item141.png
954	icon/rf4/I_Item142.png
955	icon/rf4/I_Item143.png
956	icon/rf4/I_Item144.png
957	icon/rf4/I_Item145.png
958	icon/rf4/I_Item146.png
959	icon/rf4/I_Item147.png
960	icon/rf4/I_Item148.png
961	icon/rf4/I_Item149.png
962	icon/rf4/I_Item150.png
963	icon/rf4/I_Item151.png
964	icon/rf4/I_Item152.png
965	icon/rf4/I_Item153.png
966	icon/rf4/I_Item154.png
967	icon/rf4/I_Item155.png
968	icon/rf4/I_Item156.png
969	icon/rf4/I_Item157.png
970	icon/rf4/I_Item158.png
971	icon/rf4/I_Item159.png
972	icon/rf4/I_Item160.png
973	icon/rf4/I_Item161.png
974	icon/rf4/I_Item163.png
975	icon/rf4/I_Item164.png
976	icon/rf4/I_Item165.png
977	icon/rf4/I_Item166.png
979	icon/rf4/I_Item167.png
980	icon/rf4/I_Item168.png
981	icon/rf4/I_Item169.png
982	icon/rf4/I_Item170.png
983	icon/rf4/I_Item171.png
984	icon/rf4/I_Item172.png
985	icon/rf4/I_Fish00.png
986	icon/rf4/I_Fish01.png
987	icon/rf4/I_Fish02.png
988	icon/rf4/I_Fish03.png
989	icon/rf4/I_Fish04.png
990	icon/rf4/I_Fish05.png
991	icon/rf4/I_Fish06.png
992	icon/rf4/I_Fish07.png
993	icon/rf4/I_Fish08.png
994	icon/rf4/I_Fish09.png
995	icon/rf4/I_Fish10.png
996	icon/rf4/I_Fish11.png
997	icon/rf4/I_Fish12.png
998	icon/rf4/I_Fish13.png
999	icon/rf4/I_Fish14.png
1000	icon/rf4/I_Fish15.png
1001	icon/rf4/I_Fish16.png
1002	icon/rf4/I_Fish17.png
1003	icon/rf4/I_Fish18.png
1004	icon/rf4/I_Fish19.png
1005	icon/rf4/I_Fish20.png
1006	icon/rf4/I_Fish21.png
1007	icon/rf4/I_Fish22.png
1008	icon/rf4/I_Fish23.png
1009	icon/rf4/I_Fish24.png
1010	icon/rf4/I_Fish25.png
1011	icon/rf4/I_Fish26.png
1012	icon/rf4/I_Fish27.png
1013	icon/rf4/I_Fish28.png
1014	icon/rf4/I_Fish29.png
1015	icon/rf4/I_Fish30.png
1016	icon/rf4/I_Fish31.png
1017	icon/rf4/I_Trash00.png
1018	icon/rf4/I_Trash01.png
1019	icon/rf4/I_Trash02.png
1020	icon/rf4/I_Other00.png
1021	icon/rf4/I_Other01.png
1022	icon/rf4/I_Other02.png
1023	icon/rf4/I_Other03.png
1024	icon/rf4/I_Magic00.png
1025	icon/rf4/I_Magic01.png
1026	icon/rf4/I_Magic02.png
1027	icon/rf4/I_Magic03.png
1028	icon/rf4/I_Magic04.png
1029	icon/rf4/I_Magic05.png
1030	icon/rf4/I_Magic06.png
1031	icon/rf4/I_Magic07.png
1032	icon/rf4/I_Magic08.png
1033	icon/rf4/I_Magic09.png
1034	icon/rf4/I_Magic10.png
1035	icon/rf4/I_Magic11.png
1036	icon/rf4/I_Magic12.png
1037	icon/rf4/I_Magic13.png
1038	icon/rf4/I_Magic14.png
1039	icon/rf4/I_Magic15.png
1040	icon/rf4/I_Magic16.png
1041	icon/rf4/I_Magic17.png
1042	icon/rf4/I_Magic18.png
1043	icon/rf4/I_Magic19.png
1044	icon/rf4/I_Magic20.png
1045	icon/rf4/I_Magic21.png
1046	icon/rf4/I_Magic22.png
1047	icon/rf4/I_Magic23.png
1048	icon/rf4/I_Magic24.png
1049	icon/rf4/I_Magic25.png
1050	icon/rf4/I_Skill00.png
1051	icon/rf4/I_Skill01.png
1052	icon/rf4/I_Skill02.png
1053	icon/rf4/I_Skill03.png
1054	icon/rf4/I_Skill04.png
1055	icon/rf4/I_Skill05.png
1056	icon/rf4/I_Skill06.png
1057	icon/rf4/I_Skill07.png
1058	icon/rf4/I_Skill08.png
1059	icon/rf4/I_Skill09.png
1060	icon/rf4/I_Skill10.png
1061	icon/rf4/I_Skill11.png
1062	icon/rf4/I_Skill12.png
1063	icon/rf4/I_Skill13.png
1064	icon/rf4/I_Skill14.png
1065	icon/rf4/I_Skill15.png
1066	icon/rf4/I_Skill16.png
1067	icon/rf4/I_Skill17.png
1068	icon/rf4/I_Skill18.png
1069	icon/rf4/I_Skill19.png
1070	icon/rf4/I_Skill20.png
1071	icon/rf4/I_Skill21.png
1072	icon/rf4/I_Skill22.png
1073	icon/rf4/I_Skill23.png
1074	icon/rf4/I_Skill24.png
1075	icon/rf4/I_Skill25.png
1076	icon/rf4/I_Skill26.png
1077	icon/rf4/I_Skill27.png
1078	icon/rf4/I_Skill28.png
1079	icon/rf4/I_Skill29.png
1080	icon/rf4/I_Score00.png
1081	icon/rf4/I_Score01.png
1082	icon/rf4/I_Score02.png